{"stats":{"minecraft:crafted":{"sophisticatedbackpacks:backpack":1,"minecraft:cooked_porkchop":5,"minecraft:crafting_table":2,"comforts:sleeping_bag_white":2,"minecraft:wooden_pickaxe":1,"minecraft:iron_sword":1,"minecraft:furnace":2,"minecraft:birch_planks":64,"minecraft:stone_axe":2,"minecraft:air":0,"minecraft:stone_pickaxe":2,"minecraft:wooden_axe":1,"minecraft:stone_sword":2,"minecraft:chest":1},"minecraft:killed":{"minecraft:cave_spider":1,"minecraft:pig":8,"minecraft:spider":3,"minecraft:creeper":1,"whisperwoods:zotzpyre":3,"minecraft:sheep":2,"minecraft:skeleton":5,"minecraft:zombie":2,"minecraft:stray":1,"orcz:bigorcboss":1,"orcz:orcsavagemace":2,"orcz:orcsavage_2sword":2,"orcz:snot":3,"orcz:orcshield":2},"minecraft:used":{"minecraft:iron_bars":1,"minecraft:stone_sword":130,"minecraft:birch_planks":9,"minecraft:stone_pickaxe":24,"minecraft:baked_potato":1,"minecraft:shield":7,"minecraft:wooden_pickaxe":38,"minecraft:iron_sword":20,"minecraft:torch":20,"minecraft:dirt":5,"minecraft:crafting_table":5,"orcz:palisadedarkoak":2,"minecraft:wooden_axe":1,"minecraft:diamond_pickaxe":8,"minecraft:iron_pickaxe":4,"minecraft:stone_axe":12,"minecraft:potion":2,"minecraft:furnace":2,"minecraft:cooked_porkchop":6,"minecraft:cooked_rabbit":3,"comforts:sleeping_bag_white":2,"minecraft:cooked_beef":5,"minecraft:cobweb":4},"minecraft:picked_up":{"minecraft:birch_log":16,"minecraft:crafting_table":5,"minecraft:chainmail_boots":1,"orcz:orcteeth":29,"minecraft:iron_door":1,"minecraft:leather":6,"minecraft:birch_planks":24,"minecraft:gunpowder":2,"minecraft:string":8,"minecraft:dirt":5,"minecraft:bone":4,"minecraft:bow":1,"minecraft:cracked_stone_bricks":1,"minecraft:wheat_seeds":1,"comforts:sleeping_bag_white":2,"minecraft:stone_pickaxe":1,"dynamictrees:birch_seed":5,"minecraft:furnace":2,"minecraft:tipped_arrow":1,"minecraft:polished_andesite_stairs":6,"minecraft:stick":52,"minecraft:cooked_porkchop":1,"minecraft:torch":4,"minecraft:porkchop":12,"orcz:blue_orcshroom":2,"orcz:orchorn":1,"orcz:palisadedarkoak":2,"minecraft:stone_pressure_plate":1,"minecraft:leather_helmet":1,"minecraft:polished_andesite":2,"minecraft:arrow":7,"minecraft:diamond":6,"orcz:orcshroom":1,"minecraft:mutton":2,"minecraft:iron_bars":11,"minecraft:coal":5,"minecraft:white_wool":8,"minecraft:cobblestone":34},"minecraft:mined":{"minecraft:stone_pressure_plate":1,"minecraft:light_gray_stained_glass_pane":2,"minecraft:mossy_cobblestone":1,"orcz:palisadedarkoak":2,"minecraft:crafting_table":5,"minecraft:torch":1,"minecraft:grass_block":1,"minecraft:polished_andesite_stairs":4,"minecraft:cobblestone":1,"minecraft:iron_door":1,"minecraft:chiseled_stone_bricks":1,"minecraft:spawner":12,"minecraft:birch_planks":1,"minecraft:furnace":2,"minecraft:grass":4,"minecraft:vine":1,"minecraft:iron_bars":7,"minecraft:spruce_pressure_plate":1,"minecraft:dirt":4,"minecraft:cobweb":4,"minecraft:cracked_stone_bricks":1,"minecraft:stone":34,"minecraft:polished_andesite":2,"minecraft:oak_leaves":1},"minecraft:dropped":{"minecraft:stone_axe":1,"minecraft:stone_sword":1,"minecraft:glass_bottle":1,"orcz:blue_orcshroom":2,"orcz:orcshroom":1,"minecraft:chainmail_helmet":1,"minecraft:leather_helmet":1,"orcz:orcteeth":29,"minecraft:spruce_planks":3,"minecraft:chainmail_boots":1,"comforts:sleeping_bag_white":1,"minecraft:iron_bars":3,"minecraft:stone_pickaxe":1,"minecraft:bone":2,"orcz:orchorn":1},"minecraft:custom":{"minecraft:interact_with_furnace":17,"minecraft:mob_kills":37,"minecraft:interact_with_crafting_table":8,"minecraft:damage_dealt_resisted":184,"minecraft:eat_cake_slice":4,"minecraft:leave_game":3,"minecraft:time_since_death":44320,"minecraft:sleep_in_bed":2,"minecraft:climb_one_cm":1464,"minecraft:time_since_rest":16904,"minecraft:sprint_one_cm":203363,"minecraft:damage_taken":1032,"minecraft:walk_one_cm":61438,"minecraft:damage_blocked_by_shield":280,"minecraft:drop":16,"minecraft:damage_dealt":5616,"minecraft:swim_one_cm":3819,"minecraft:fly_one_cm":162686,"minecraft:open_chest":61,"minecraft:crouch_one_cm":390,"minecraft:play_time":44320,"minecraft:sneak_time":88,"minecraft:walk_under_water_one_cm":4170,"minecraft:jump":586,"minecraft:walk_on_water_one_cm":2999,"minecraft:total_world_time":44320,"minecraft:fall_one_cm":20988},"minecraft:broken":{"minecraft:stone_sword":1}},"DataVersion":3465}