{"stats":{"minecraft:picked_up":{"minecraft:iron_chestplate":1,"minecraft:chainmail_boots":2,"minecraft:redstone_block":8,"minecraft:lead":2,"minecraft:diamond_sword":1,"minecraft:oak_stairs":2,"minecraft:enchanted_book":2,"minecraft:string":27,"minecraft:iron_leggings":2,"minecraft:diamond_leggings":2,"minecraft:gold_nugget":33,"minecraft:cobbled_deepslate":245,"comforts:sleeping_bag_white":24,"dynamictrees:oak_seed":18,"minecraft:iron_boots":2,"minecraft:furnace":2,"minecraft:tipped_arrow":4,"minecraft:stick":173,"orcz:orcskull":1,"minecraft:torch":12,"minecraft:spruce_stairs":26,"securitycraft:camera_monitor":1,"minecraft:porkchop":14,"tombstone:grave_dust":8,"minecraft:diorite":6,"orcz:palisadedarkoak":6,"minecraft:rotten_flesh":38,"epicpaladins:cryorium_gem":19,"orcz:orcshroom":3,"minecraft:iron_bars":37,"minecraft:cobblestone":115,"minecraft:birch_log":16,"minecraft:enchanting_table":3,"minecraft:leather_chestplate":1,"orcz:orcteeth":83,"minecraft:iron_door":4,"minecraft:flint":15,"minecraft:tuff":6,"minecraft:lapis_lazuli":607,"minecraft:dirt":89,"minecraft:leather_boots":1,"minecraft:bone":29,"minecraft:bow":1,"minecraft:wheat_seeds":6,"minecraft:cooked_porkchop":1,"orcz:orcagaric":1,"minecraft:sand":56,"orcz:blue_orcshroom":7,"minecraft:nether_brick_stairs":1,"alexsmobs:animal_dictionary":1,"minecraft:polished_andesite":64,"minecraft:diamond":42,"minecraft:chainmail_helmet":2,"minecraft:bread":1,"orcz:ironscrap":5,"minecraft:netherrack":1438,"minecraft:bricks":2,"minecraft:crafting_table":8,"whisperwoods:ghost_light_gold":1,"minecraft:oak_trapdoor":1,"minecraft:iron_axe":1,"minecraft:white_carpet":9,"minecraft:blackstone":13,"minecraft:cracked_stone_bricks":1,"minecraft:egg":1,"minecraft:raw_iron":10,"minecraft:stone":73,"orcz:orchorn":4,"minecraft:redstone":3,"minecraft:stone_pressure_plate":2,"minecraft:arrow":39,"minecraft:diamond_chestplate":1,"minecraft:mutton":2,"minecraft:white_wool":8,"minecraft:skeleton_skull":1,"minecraft:leather":8,"minecraft:birch_planks":24,"minecraft:oak_log":218,"minecraft:ancient_debris":32,"minecraft:gunpowder":2,"minecraft:stone_bricks":7,"minecraft:iron_ingot":37,"minecraft:stone_pickaxe":1,"dynamictrees:birch_seed":5,"minecraft:soul_sand":1,"sophisticatedbackpacks:diamond_backpack":1,"minecraft:polished_andesite_stairs":6,"minecraft:quartz":39,"minecraft:gravel":160,"orcz:orcamanita":1,"minecraft:spider_eye":2,"minecraft:leather_helmet":3,"minecraft:stone_axe":2,"minecraft:chainmail_leggings":1,"minecraft:iron_helmet":1,"tombstone:magic_scroll":3,"securitycraft:door_indestructible_iron_item":1,"minecraft:coal":5},"minecraft:killed":{"minecraft:cave_spider":3,"minecraft:spider":22,"minecraft:skeleton":35,"minecraft:bee":3,"minecraft:pig":9,"orcz:goblinsavagemace":14,"minecraft:creeper":3,"minecraft:sheep":2,"minecraft:trader_llama":2,"minecraft:zombie":32,"minecraft:stray":14,"orcz:bigorcboss":2,"orcz:orcsavage_2sword":6,"orcz:snot":13,"orcz:orcshield":11,"alexsmobs:seagull":1,"orcz:orcsavagemace":3,"orcz:orcsavageweird":1,"alexsmobs:skunk":1,"minecraft:wandering_trader":1,"whisperwoods:zotzpyre":5,"tombstone:spectral_wolf":2,"orcz:goblin_2sword":2,"minecraft:enderman":3},"minecraft:custom":{"minecraft:interact_with_crafting_table":86,"minecraft:eat_cake_slice":4,"minecraft:leave_game":7,"minecraft:time_since_death":146054,"minecraft:sprint_one_cm":1105159,"minecraft:damage_blocked_by_shield":740,"minecraft:drop":97,"minecraft:play_time":452603,"minecraft:deaths":1,"tombstone:tomb_raiding":1,"minecraft:jump":4115,"minecraft:walk_on_water_one_cm":11553,"minecraft:enchant_item":60,"minecraft:interact_with_furnace":49,"minecraft:sleep_in_bed":25,"minecraft:damage_dealt":34612,"minecraft:player_kills":1,"minecraft:crouch_one_cm":10550,"tombstone:undead_killed":49,"minecraft:interact_with_smoker":12,"minecraft:interact_with_smithing_table":5,"minecraft:mob_kills":198,"minecraft:interact_with_anvil":17,"minecraft:damage_dealt_resisted":710,"minecraft:climb_one_cm":3164,"minecraft:walk_one_cm":673386,"minecraft:damage_dealt_absorbed":80,"minecraft:sneak_time":7768,"minecraft:walk_under_water_one_cm":7734,"minecraft:interact_with_blast_furnace":34,"minecraft:total_world_time":452603,"minecraft:interact_with_grindstone":1,"minecraft:time_since_rest":3435,"minecraft:damage_taken":6352,"minecraft:damage_absorbed":187,"minecraft:swim_one_cm":7800,"minecraft:fly_one_cm":1130178,"minecraft:open_chest":263,"minecraft:fall_one_cm":127947},"minecraft:broken":{"minecraft:iron_shovel":1,"minecraft:stone_sword":1,"minecraft:leather_chestplate":1},"minecraft:dropped":{"minecraft:glass_bottle":1,"orcz:blue_orcshroom":2,"epicpaladins:cryorium_pickaxe":1,"minecraft:leather_helmet":3,"minecraft:flint":12,"sophisticatedbackpacks:gold_backpack":1,"minecraft:bone":2,"minecraft:gravel":142,"minecraft:stone_axe":9,"minecraft:blackstone":13,"minecraft:cobbled_deepslate":44,"minecraft:rotten_flesh":6,"minecraft:diamond_shovel":1,"orcz:orcshroom":1,"minecraft:chainmail_boots":1,"comforts:sleeping_bag_white":2,"minecraft:iron_bars":7,"minecraft:arrow":21,"minecraft:quartz":34,"minecraft:netherrack":1344,"minecraft:enchanted_book":1,"minecraft:iron_ingot":37,"minecraft:bread":44,"minecraft:wheat_seeds":1,"minecraft:cobblestone":38,"minecraft:book":26,"minecraft:chainmail_helmet":1,"minecraft:stick":67,"whisperwoods:ghost_light_gold":1,"minecraft:polished_andesite_stairs":2,"minecraft:stone_sword":1,"orcz:ironscrap":1,"orcz:orcteeth":38,"minecraft:spruce_planks":42,"minecraft:diamond_pickaxe":1,"minecraft:stone_pickaxe":5,"orcz:orchorn":2},"minecraft:mined":{"minecraft:spruce_planks":2,"minecraft:stone_pressure_plate":5,"orcz:orcamanita":1,"connectedglass:borderless_glass":16,"orcz:palisadedarkoak":6,"minecraft:granite":6,"minecraft:grass_block":113,"minecraft:spawner":57,"minecraft:chiseled_stone_bricks":1,"minecraft:fire":17,"minecraft:cobbled_deepslate":10,"minecraft:deepslate_lapis_ore":11,"minecraft:nether_brick_stairs":6,"minecraft:enchanting_table":3,"minecraft:oak_stairs":4,"minecraft:iron_bars":33,"minecraft:spruce_pressure_plate":1,"minecraft:blackstone":13,"minecraft:torch":1,"minecraft:polished_andesite_stairs":4,"minecraft:chest":2,"minecraft:nether_quartz_ore":18,"minecraft:glass":2,"minecraft:cobblestone":1,"minecraft:grindstone":1,"minecraft:oak_planks":7,"minecraft:iron_door":4,"minecraft:wall_torch":4,"epicpaladins:deepslate_cryorium_ore":19,"minecraft:grass":183,"orcz:blue_orcshroom":1,"minecraft:oak_log":22,"minecraft:sand":97,"minecraft:dirt":298,"minecraft:ancient_debris":32,"minecraft:netherrack":1944,"minecraft:oak_leaves":1,"minecraft:deepslate":243,"minecraft:nether_gold_ore":4,"minecraft:tuff":7,"minecraft:light_gray_stained_glass_pane":2,"minecraft:mossy_cobblestone":1,"minecraft:deepslate_diamond_ore":33,"minecraft:oak_trapdoor":6,"minecraft:furnace":2,"minecraft:andesite":9,"minecraft:mossy_stone_brick_stairs":3,"minecraft:vine":2,"minecraft:deepslate_iron_ore":3,"minecraft:stone":243,"minecraft:soul_sand":1,"minecraft:crafting_table":19,"minecraft:tall_grass":14,"minecraft:lapis_ore":30,"minecraft:diorite":7,"minecraft:spruce_stairs":38,"minecraft:birch_planks":1,"minecraft:bee_nest":1,"elevatorid:elevator_white":1,"minecraft:gravel":177,"minecraft:cobweb":4,"minecraft:cracked_stone_bricks":1,"minecraft:stone_bricks":23,"minecraft:polished_andesite":2},"minecraft:used":{"orcz:blue_orcshroom":1,"minecraft:iron_shovel":514,"minecraft:chest":31,"minecraft:shield":16,"minecraft:stone":69,"minecraft:iron_sword":109,"securitycraft:security_camera":2,"minecraft:soul_sand":1,"minecraft:carrot":9,"minecraft:obsidian":49,"minecraft:glass":2,"securitycraft:camera_monitor":2,"minecraft:lava_bucket":33,"minecraft:netherite_shovel":4,"minecraft:grass_block":2,"minecraft:stone_bricks":244,"minecraft:repeater":1,"minecraft:furnace":6,"securitycraft:laser_block":8,"minecraft:egg":1,"securitycraft:alarm":9,"securitycraft:door_indestructible_iron_item":13,"minecraft:stone_pickaxe":24,"minecraft:oak_planks":131,"minecraft:ender_pearl":4,"minecraft:wooden_pickaxe":38,"minecraft:redstone_block":15,"minecraft:diamond_axe":3,"elevatorid:elevator_white":17,"minecraft:golden_apple":5,"minecraft:golden_hoe":7,"minecraft:sand":1,"minecraft:blast_furnace":4,"securitycraft:floor_trap":4,"minecraft:sticky_piston":30,"minecraft:lever":5,"minecraft:bread":48,"minecraft:diamond_sword":523,"minecraft:fire_charge":6,"securitycraft:motion_activated_light":2,"minecraft:grindstone":1,"minecraft:smithing_table":1,"minecraft:cooked_rabbit":3,"minecraft:andesite":2,"minecraft:cobweb":4,"minecraft:oak_trapdoor":38,"minecraft:netherite_sword":9,"minecraft:iron_bars":7,"minecraft:enchanting_table":2,"minecraft:stone_sword":130,"minecraft:flint_and_steel":9,"epicpaladins:cryorium_pickaxe":10,"minecraft:redstone":47,"minecraft:spruce_planks":23,"securitycraft:keypad_door_item":2,"dynamictrees:oak_seed":3,"minecraft:netherrack":45,"minecraft:torch":155,"minecraft:dirt":347,"trapcraft:grass_covering":4,"securitycraft:reinforced_oak_fence_gate":2,"minecraft:anvil":1,"minecraft:white_carpet":60,"minecraft:spruce_stairs":38,"orcz:palisadedarkoak":2,"minecraft:oak_wood":8,"minecraft:oak_fence_gate":14,"minecraft:wooden_axe":1,"minecraft:iron_axe":171,"minecraft:oak_stairs":173,"connectedglass:borderless_glass":1611,"minecraft:diamond_chestplate":1,"minecraft:golden_carrot":8,"minecraft:netherite_pickaxe":114,"tombstone:gift":3,"comforts:sleeping_bag_white":25,"minecraft:stone_pressure_plate":2,"minecraft:cooked_beef":26,"minecraft:cobbled_deepslate":17,"minecraft:observer":11,"epicpaladins:cryorium_sword":2,"minecraft:water_bucket":6,"minecraft:birch_planks":24,"minecraft:baked_potato":25,"minecraft:red_nether_bricks":10,"securitycraft:panic_button":7,"securitycraft:scanner_door_item":3,"securitycraft:keypad":1,"minecraft:oak_slab":2,"minecraft:crafting_table":29,"minecraft:smoker":4,"minecraft:oak_log":342,"minecraft:diamond_pickaxe":2635,"minecraft:apple":2,"minecraft:diamond_shovel":191,"minecraft:iron_pickaxe":18,"minecraft:netherite_axe":4,"minecraft:lapis_ore":30,"minecraft:stone_axe":16,"minecraft:cobblestone":8,"minecraft:potion":2,"minecraft:cooked_porkchop":11,"minecraft:bucket":6,"minecraft:glass_pane":58,"minecraft:stripped_oak_log":163},"minecraft:crafted":{"minecraft:grindstone":1,"minecraft:oak_planks":288,"connectedglass:borderless_glass":80,"minecraft:glass":82,"minecraft:diamond_helmet":1,"minecraft:chest":6,"minecraft:netherite_helmet":1,"minecraft:stone_bricks":80,"epicpaladins:steel_ingot":46,"minecraft:oak_slab":6,"sophisticatedbackpacks:backpack":2,"minecraft:cooked_porkchop":11,"minecraft:diamond_axe":1,"minecraft:crafting_table":11,"minecraft:baked_potato":10,"minecraft:wooden_pickaxe":1,"minecraft:iron_helmet":1,"minecraft:smithing_table":1,"minecraft:sticky_piston":1,"minecraft:birch_planks":64,"sophisticatedbackpacks:upgrade_base":1,"epicpaladins:cryorium_sword":1,"minecraft:iron_chestplate":1,"minecraft:diamond_pickaxe":2,"sophisticatedbackpacks:diamond_backpack":1,"minecraft:stone_slab":6,"minecraft:iron_ingot":12,"minecraft:iron_block":3,"minecraft:stone_sword":2,"minecraft:netherite_ingot":8,"sophisticatedbackpacks:advanced_pickup_upgrade":1,"minecraft:redstone":72,"comforts:sleeping_bag_white":2,"minecraft:furnace":2,"minecraft:piston":1,"minecraft:oak_trapdoor":22,"minecraft:flint_and_steel":1,"minecraft:spruce_stairs":20,"minecraft:iron_axe":1,"minecraft:stone_pickaxe":8,"minecraft:diamond_boots":1,"epicpaladins:cryorium_pickaxe":2,"minecraft:netherite_scrap":32,"sophisticatedbackpacks:iron_backpack":2,"minecraft:wheat":261,"minecraft:diamond_sword":1,"elevatorid:elevator_white":4,"minecraft:iron_sword":1,"sophisticatedbackpacks:gold_backpack":2,"epicpaladins:cryorium_axe":1,"minecraft:stone_axe":10,"minecraft:air":0,"minecraft:bread":87,"minecraft:oak_fence_gate":10,"sophisticatedbackpacks:pickup_upgrade":1,"minecraft:white_wool":6,"minecraft:wooden_axe":1,"minecraft:oak_stairs":84,"minecraft:iron_shovel":1,"minecraft:anvil":1,"minecraft:torch":16,"minecraft:golden_hoe":1}},"DataVersion":3465}