{"stats":{"minecraft:crafted":{"minecraft:grindstone":1,"minecraft:oak_planks":272,"minecraft:redstone":72,"comforts:sleeping_bag_white":2,"minecraft:furnace":2,"minecraft:piston":1,"connectedglass:borderless_glass":80,"minecraft:oak_trapdoor":22,"minecraft:glass":82,"minecraft:spruce_stairs":20,"minecraft:iron_axe":1,"minecraft:stone_pickaxe":2,"minecraft:chest":6,"minecraft:stone_bricks":80,"sophisticatedbackpacks:iron_backpack":2,"minecraft:oak_slab":6,"elevatorid:elevator_white":4,"sophisticatedbackpacks:backpack":2,"minecraft:cooked_porkchop":11,"minecraft:crafting_table":5,"minecraft:wooden_pickaxe":1,"minecraft:iron_sword":1,"minecraft:sticky_piston":1,"sophisticatedbackpacks:gold_backpack":2,"minecraft:birch_planks":64,"minecraft:stone_axe":2,"sophisticatedbackpacks:upgrade_base":1,"minecraft:air":0,"minecraft:oak_fence_gate":2,"sophisticatedbackpacks:pickup_upgrade":1,"minecraft:white_wool":6,"minecraft:iron_chestplate":1,"sophisticatedbackpacks:diamond_backpack":1,"minecraft:stone_slab":6,"minecraft:oak_stairs":84,"minecraft:wooden_axe":1,"minecraft:stone_sword":2,"minecraft:iron_shovel":1,"sophisticatedbackpacks:advanced_pickup_upgrade":1},"minecraft:killed":{"minecraft:cave_spider":1,"minecraft:spider":11,"minecraft:skeleton":11,"orcz:orcsavagemace":3,"orcz:orcsavageweird":1,"minecraft:pig":8,"orcz:goblinsavagemace":1,"minecraft:creeper":2,"minecraft:sheep":2,"whisperwoods:zotzpyre":4,"minecraft:zombie":18,"orcz:bigorcboss":2,"minecraft:stray":5,"orcz:goblin_2sword":1,"orcz:orcsavage_2sword":4,"orcz:snot":9,"orcz:orcshield":4},"minecraft:picked_up":{"minecraft:crafting_table":8,"minecraft:redstone_block":8,"minecraft:chainmail_boots":2,"minecraft:oak_stairs":1,"minecraft:string":20,"minecraft:iron_leggings":1,"minecraft:cracked_stone_bricks":1,"minecraft:diamond_leggings":1,"comforts:sleeping_bag_white":7,"dynamictrees:oak_seed":17,"minecraft:furnace":2,"minecraft:iron_boots":1,"minecraft:tipped_arrow":3,"minecraft:stick":128,"minecraft:stone":73,"minecraft:torch":4,"minecraft:spruce_stairs":26,"minecraft:porkchop":12,"orcz:orchorn":2,"orcz:palisadedarkoak":2,"minecraft:stone_pressure_plate":1,"minecraft:arrow":17,"minecraft:rotten_flesh":18,"orcz:orcshroom":2,"minecraft:mutton":2,"minecraft:iron_bars":18,"minecraft:cobblestone":42,"minecraft:white_wool":8,"minecraft:birch_log":16,"minecraft:leather_chestplate":1,"orcz:orcteeth":56,"minecraft:iron_door":1,"minecraft:leather":6,"minecraft:birch_planks":24,"minecraft:oak_log":204,"minecraft:gunpowder":2,"minecraft:dirt":23,"minecraft:bone":18,"minecraft:stone_bricks":6,"minecraft:bow":1,"minecraft:wheat_seeds":1,"dynamictrees:birch_seed":5,"minecraft:stone_pickaxe":1,"minecraft:polished_andesite_stairs":6,"minecraft:cooked_porkchop":1,"minecraft:sand":56,"orcz:blue_orcshroom":5,"minecraft:nether_brick_stairs":1,"minecraft:leather_helmet":3,"minecraft:polished_andesite":2,"minecraft:diamond":8,"orcz:ironscrap":2,"minecraft:coal":5},"minecraft:used":{"minecraft:oak_trapdoor":28,"minecraft:stone_sword":130,"minecraft:iron_bars":3,"minecraft:iron_shovel":506,"minecraft:chest":4,"minecraft:spruce_planks":23,"minecraft:shield":9,"minecraft:stone":8,"minecraft:iron_sword":109,"dynamictrees:oak_seed":3,"minecraft:torch":65,"minecraft:dirt":180,"minecraft:spruce_stairs":38,"orcz:palisadedarkoak":2,"minecraft:oak_fence_gate":2,"minecraft:wooden_axe":1,"minecraft:iron_axe":157,"minecraft:oak_stairs":66,"connectedglass:borderless_glass":239,"minecraft:stone_bricks":83,"minecraft:furnace":4,"comforts:sleeping_bag_white":9,"minecraft:cooked_beef":10,"minecraft:water_bucket":5,"minecraft:birch_planks":24,"minecraft:baked_potato":5,"minecraft:stone_pickaxe":24,"minecraft:oak_planks":51,"minecraft:wooden_pickaxe":38,"elevatorid:elevator_white":8,"minecraft:golden_apple":4,"minecraft:sand":1,"minecraft:oak_slab":2,"minecraft:crafting_table":19,"minecraft:oak_log":149,"minecraft:diamond_pickaxe":156,"minecraft:apple":2,"minecraft:bread":5,"minecraft:iron_pickaxe":18,"minecraft:stone_axe":16,"minecraft:diamond_sword":170,"minecraft:potion":2,"minecraft:grindstone":1,"minecraft:cooked_porkchop":11,"minecraft:bucket":5,"minecraft:cooked_rabbit":3,"minecraft:cobweb":4},"minecraft:dropped":{"minecraft:glass_bottle":1,"minecraft:cobblestone":4,"orcz:blue_orcshroom":2,"minecraft:chainmail_helmet":1,"minecraft:leather_helmet":3,"sophisticatedbackpacks:gold_backpack":1,"minecraft:stick":1,"minecraft:polished_andesite_stairs":2,"minecraft:bone":2,"minecraft:stone_axe":1,"minecraft:stone_sword":1,"minecraft:rotten_flesh":4,"orcz:orcshroom":1,"orcz:orcteeth":29,"minecraft:spruce_planks":3,"minecraft:chainmail_boots":1,"comforts:sleeping_bag_white":2,"minecraft:iron_bars":7,"minecraft:arrow":21,"minecraft:stone_pickaxe":1,"orcz:orchorn":1},"minecraft:custom":{"minecraft:mob_kills":88,"minecraft:interact_with_crafting_table":60,"minecraft:damage_dealt_resisted":184,"minecraft:eat_cake_slice":4,"minecraft:leave_game":4,"minecraft:time_since_death":182158,"minecraft:climb_one_cm":3124,"minecraft:sprint_one_cm":486669,"minecraft:walk_one_cm":280420,"minecraft:damage_blocked_by_shield":390,"minecraft:drop":28,"minecraft:play_time":182158,"minecraft:sneak_time":632,"minecraft:walk_under_water_one_cm":5119,"minecraft:jump":1680,"minecraft:walk_on_water_one_cm":5076,"minecraft:total_world_time":182158,"minecraft:interact_with_furnace":45,"minecraft:interact_with_grindstone":1,"minecraft:sleep_in_bed":9,"minecraft:time_since_rest":4861,"minecraft:damage_taken":2569,"minecraft:damage_absorbed":153,"minecraft:damage_dealt":15480,"minecraft:swim_one_cm":3819,"minecraft:fly_one_cm":354465,"minecraft:open_chest":91,"minecraft:crouch_one_cm":1293,"minecraft:fall_one_cm":52492},"minecraft:mined":{"minecraft:stone_pressure_plate":2,"minecraft:spruce_planks":2,"minecraft:light_gray_stained_glass_pane":2,"minecraft:mossy_cobblestone":1,"orcz:palisadedarkoak":2,"minecraft:grass_block":112,"minecraft:chiseled_stone_bricks":1,"minecraft:spawner":25,"minecraft:oak_trapdoor":6,"minecraft:furnace":2,"minecraft:andesite":6,"minecraft:nether_brick_stairs":6,"minecraft:vine":1,"minecraft:oak_stairs":4,"minecraft:iron_bars":14,"minecraft:spruce_pressure_plate":1,"minecraft:stone":136,"minecraft:crafting_table":19,"minecraft:torch":1,"minecraft:polished_andesite_stairs":4,"minecraft:chest":1,"minecraft:tall_grass":10,"minecraft:cobblestone":1,"minecraft:grindstone":1,"minecraft:oak_planks":7,"minecraft:diorite":1,"minecraft:iron_door":1,"minecraft:wall_torch":1,"minecraft:spruce_stairs":38,"minecraft:birch_planks":1,"elevatorid:elevator_white":1,"minecraft:grass":111,"minecraft:oak_log":21,"minecraft:sand":97,"minecraft:dirt":264,"minecraft:cobweb":4,"minecraft:cracked_stone_bricks":1,"minecraft:polished_andesite":2,"minecraft:stone_bricks":23,"minecraft:oak_leaves":1},"minecraft:broken":{"minecraft:iron_shovel":1,"minecraft:stone_sword":1,"minecraft:leather_chestplate":1}},"DataVersion":3465}