{"stats":{"minecraft:broken":{"minecraft:iron_shovel":1,"minecraft:netherite_chestplate":1,"minecraft:golden_hoe":1,"minecraft:stone_sword":1,"minecraft:leather_chestplate":1},"minecraft:mined":{"minecraft:spruce_planks":2,"minecraft:stone_pressure_plate":5,"orcz:orcamanita":1,"minecraft:farmland":6,"connectedglass:borderless_glass":16,"orcz:palisadedarkoak":6,"minecraft:obsidian":1,"minecraft:granite":10,"epicpaladins:jade_ore":3,"minecraft:stone_brick_wall":2,"minecraft:grass_block":134,"minecraft:purpur_slab":4,"minecraft:chiseled_stone_bricks":4,"minecraft:spawner":58,"minecraft:iron_ore":7,"minecraft:cobbled_deepslate":10,"minecraft:fire":18,"minecraft:deepslate_lapis_ore":11,"minecraft:nether_brick_stairs":6,"minecraft:enchanting_table":3,"minecraft:oak_stairs":4,"minecraft:iron_bars":33,"minecraft:spruce_pressure_plate":1,"minecraft:black_candle":1,"minecraft:end_stone_bricks":16,"minecraft:dead_fire_coral":2,"minecraft:blackstone":13,"minecraft:crimson_nylium":17,"minecraft:soul_fire":1,"minecraft:amethyst_cluster":2,"minecraft:purpur_stairs":1,"minecraft:torch":1,"minecraft:end_stone_brick_slab":1,"minecraft:polished_andesite_stairs":4,"minecraft:chest":2,"minecraft:glass":2,"minecraft:nether_quartz_ore":18,"minecraft:cobblestone":14,"minecraft:slime_block":1,"alexsmobs:capsid":1,"minecraft:grindstone":1,"minecraft:oak_planks":7,"minecraft:iron_door":17,"minecraft:wall_torch":4,"minecraft:amethyst_block":7,"minecraft:seagrass":9,"minecraft:cyan_wool":2,"minecraft:light_gray_candle":4,"minecraft:mossy_stone_brick_wall":1,"minecraft:nether_wart_block":1,"orcz:orcagaric":1,"minecraft:wheat":10,"epicpaladins:deepslate_cryorium_ore":19,"minecraft:tnt":1,"minecraft:purpur_block":5,"minecraft:stone_brick_stairs":1,"minecraft:grass":219,"orcz:blue_orcshroom":1,"minecraft:oak_log":22,"minecraft:sand":97,"minecraft:dirt":393,"minecraft:wither_skeleton_skull":1,"minecraft:netherrack":1980,"minecraft:ancient_debris":32,"minecraft:oak_leaves":2,"minecraft:deepslate":257,"minecraft:gray_candle":3,"minecraft:light_blue_stained_glass_pane":1,"minecraft:nether_gold_ore":4,"minecraft:tuff":7,"minecraft:light_gray_stained_glass_pane":2,"minecraft:mossy_cobblestone":1,"minecraft:dark_oak_leaves":2,"minecraft:deepslate_diamond_ore":36,"minecraft:end_stone":2,"minecraft:spruce_fence":1,"epicpaladins:deepslate_arclight_ore":2,"minecraft:large_fern":2,"minecraft:hay_block":6,"minecraft:dead_brain_coral":1,"minecraft:oak_trapdoor":6,"minecraft:furnace":2,"minecraft:carrots":111,"minecraft:andesite":9,"minecraft:gold_block":1,"minecraft:mossy_stone_brick_stairs":3,"minecraft:potatoes":11,"minecraft:deepslate_iron_ore":3,"minecraft:vine":2,"minecraft:packed_ice":28,"minecraft:bamboo":5,"minecraft:stone":245,"minecraft:bone_block":80,"minecraft:ender_chest":3,"minecraft:scaffolding":10,"minecraft:soul_sand":1,"minecraft:infested_stone_bricks":1,"minecraft:crafting_table":19,"minecraft:honey_block":1,"minecraft:stone_slab":1,"minecraft:tall_grass":26,"minecraft:quartz_bricks":1,"minecraft:lapis_ore":30,"minecraft:diorite":7,"minecraft:spruce_stairs":38,"minecraft:birch_planks":1,"minecraft:end_stone_brick_stairs":6,"minecraft:ice":9,"minecraft:bee_nest":1,"elevatorid:elevator_white":1,"minecraft:coal_ore":35,"minecraft:light_blue_candle":2,"minecraft:end_rod":6,"minecraft:gravel":177,"minecraft:cobweb":8,"minecraft:cracked_stone_bricks":12,"minecraft:polished_andesite":3,"minecraft:stone_bricks":29,"minecraft:mossy_stone_bricks":1},"minecraft:picked_up":{"minecraft:shulker_shell":8,"minecraft:iron_chestplate":1,"minecraft:wheat":10,"minecraft:redstone_block":8,"minecraft:chainmail_boots":2,"minecraft:stone_slab":1,"minecraft:lead":4,"minecraft:diamond_sword":1,"minecraft:oak_stairs":2,"minecraft:potion":6,"minecraft:enchanted_book":2,"minecraft:knowledge_book":4,"minecraft:stone_brick_stairs":1,"tombstone:grave_key":1,"minecraft:amethyst_block":7,"minecraft:string":30,"minecraft:raw_copper":3,"minecraft:iron_leggings":2,"alexsmobs:blood_sac":2,"minecraft:diamond_leggings":2,"minecraft:cobbled_deepslate":262,"minecraft:gold_nugget":33,"comforts:sleeping_bag_white":27,"dynamictrees:oak_seed":18,"minecraft:furnace":2,"minecraft:iron_boots":2,"minecraft:tipped_arrow":4,"minecraft:stick":199,"orcz:orcskull":1,"epicpaladins:arclight_gem":8,"minecraft:torch":12,"minecraft:spruce_stairs":26,"securitycraft:camera_monitor":1,"minecraft:porkchop":14,"tombstone:grave_dust":11,"minecraft:diorite":6,"orcz:palisadedarkoak":6,"minecraft:end_crystal":1,"epicpaladins:cryorium_gem":19,"minecraft:rotten_flesh":41,"orcz:orcshroom":3,"alexsmobs:capsid":3,"minecraft:end_rod":5,"minecraft:blaze_rod":4,"minecraft:obsidian":25,"minecraft:iron_bars":54,"minecraft:cobblestone":130,"minecraft:birch_log":16,"minecraft:enchanting_table":3,"minecraft:leather_chestplate":1,"orcz:orcteeth":92,"minecraft:iron_door":17,"epicpaladins:jade_gem":9,"minecraft:potato":38,"minecraft:flint":15,"minecraft:tuff":6,"minecraft:lapis_lazuli":607,"minecraft:dirt":198,"minecraft:leather_boots":1,"minecraft:bone":33,"minecraft:bow":1,"minecraft:wheat_seeds":37,"minecraft:mossy_stone_bricks":1,"minecraft:gray_candle":11,"minecraft:cooked_porkchop":1,"orcz:skullwandorc":1,"orcz:orcagaric":2,"orcz:blue_orcshroom":7,"minecraft:sand":56,"minecraft:nether_brick_stairs":1,"alexsmobs:animal_dictionary":1,"minecraft:polished_andesite":65,"minecraft:ladder":5,"minecraft:diamond":47,"minecraft:slime_block":1,"minecraft:end_stone_bricks":1,"minecraft:crossbow":2,"minecraft:granite":1,"minecraft:chainmail_helmet":2,"minecraft:emerald":56,"minecraft:bread":1,"orcz:ironscrap":7,"minecraft:netherrack":1924,"minecraft:bricks":2,"minecraft:light_blue_candle":10,"minecraft:end_stone_brick_stairs":5,"minecraft:crafting_table":8,"minecraft:splash_potion":1,"minecraft:chicken":1,"minecraft:nether_wart":1,"minecraft:stone_brick_wall":2,"minecraft:gold_block":1,"minecraft:dragon_head":1,"minecraft:purpur_block":3,"whisperwoods:ghost_light_gold":1,"minecraft:oak_trapdoor":1,"minecraft:end_stone_brick_wall":2,"minecraft:iron_axe":4,"minecraft:white_carpet":9,"minecraft:blackstone":13,"minecraft:cracked_stone_bricks":6,"minecraft:netherite_sword":2,"minecraft:beef":13,"minecraft:cyan_wool":2,"minecraft:spruce_slab":2,"minecraft:egg":2,"minecraft:raw_iron":23,"minecraft:stone":73,"minecraft:spruce_fence":1,"sophisticatedbackpacks:backpack":1,"orcz:orchorn":4,"minecraft:carrot":397,"minecraft:redstone":3,"minecraft:stone_pressure_plate":2,"minecraft:tnt":1,"minecraft:arrow":81,"minecraft:diamond_chestplate":2,"minecraft:purpur_slab":2,"minecraft:hay_block":6,"minecraft:totem_of_undying":2,"minecraft:mutton":2,"minecraft:bone_block":79,"minecraft:skeleton_skull":1,"minecraft:white_wool":8,"minecraft:glow_ink_sac":2,"minecraft:leather":13,"minecraft:birch_planks":24,"minecraft:oak_log":218,"minecraft:ancient_debris":32,"minecraft:gunpowder":5,"minecraft:stone_bricks":12,"tombstone:receptacle_of_familiar":1,"minecraft:iron_ingot":37,"dynamictrees:birch_seed":5,"minecraft:stone_pickaxe":1,"minecraft:mossy_stone_brick_wall":1,"minecraft:glass_bottle":3,"minecraft:soul_sand":1,"sophisticatedbackpacks:diamond_backpack":1,"minecraft:book":2,"minecraft:scaffolding":10,"minecraft:polished_andesite_stairs":6,"minecraft:chiseled_stone_bricks":3,"minecraft:quartz":39,"minecraft:dandelion":1,"minecraft:gravel":160,"minecraft:amethyst_shard":9,"orcz:orcamanita":1,"minecraft:spider_eye":2,"minecraft:leather_helmet":3,"minecraft:light_gray_candle":14,"minecraft:stone_axe":3,"minecraft:honey_block":1,"minecraft:chainmail_leggings":2,"minecraft:iron_helmet":1,"tombstone:magic_scroll":4,"securitycraft:door_indestructible_iron_item":1,"minecraft:end_stone_brick_slab":1,"minecraft:coal":91,"minecraft:ender_pearl":4},"minecraft:dropped":{"epicpaladins:cryorium_axe":1,"minecraft:baked_potato":48,"minecraft:glass_bottle":1,"minecraft:crossbow":1,"orcz:blue_orcshroom":2,"epicpaladins:cryorium_pickaxe":2,"minecraft:cracked_stone_bricks":3,"minecraft:leather_helmet":3,"minecraft:flint":12,"sophisticatedbackpacks:gold_backpack":1,"tombstone:receptacle_of_familiar":1,"minecraft:amethyst_shard":1,"minecraft:bone":5,"minecraft:gravel":142,"minecraft:stone_axe":10,"minecraft:blackstone":13,"minecraft:cobbled_deepslate":48,"minecraft:netherite_sword":2,"minecraft:rotten_flesh":6,"minecraft:diamond_shovel":1,"orcz:orcshroom":1,"minecraft:shulker_shell":4,"minecraft:chiseled_stone_bricks":3,"alexsmobs:blood_sac":2,"epicpaladins:cryorium_sword":1,"minecraft:gunpowder":3,"minecraft:stone_brick_wall":1,"minecraft:chainmail_boots":1,"comforts:sleeping_bag_white":2,"minecraft:iron_bars":7,"minecraft:arrow":55,"minecraft:scaffolding":1,"orcz:skullwandorc":1,"minecraft:stone_brick_stairs":1,"minecraft:quartz":34,"minecraft:netherrack":1450,"minecraft:enchanted_book":1,"minecraft:iron_ingot":37,"minecraft:bread":44,"minecraft:light_blue_candle":5,"minecraft:wheat_seeds":1,"minecraft:diamond_leggings":1,"minecraft:iron_helmet":1,"minecraft:cobblestone":46,"minecraft:knowledge_book":1,"minecraft:book":26,"minecraft:chainmail_helmet":1,"minecraft:stick":67,"tombstone:grave_key":1,"minecraft:iron_door":9,"tombstone:grave_dust":1,"whisperwoods:ghost_light_gold":1,"minecraft:polished_andesite_stairs":2,"minecraft:chainmail_leggings":2,"minecraft:string":6,"minecraft:dandelion":1,"minecraft:dragon_head":1,"minecraft:stone_sword":1,"minecraft:raw_copper":3,"sophisticatedbackpacks:backpack":1,"minecraft:stone_slab":1,"orcz:ironscrap":1,"minecraft:spruce_fence":1,"minecraft:filled_map":1,"minecraft:hay_block":6,"minecraft:cyan_wool":2,"minecraft:end_stone_brick_stairs":5,"orcz:orcteeth":38,"minecraft:diamond_chestplate":2,"minecraft:spruce_planks":42,"minecraft:diamond_pickaxe":1,"minecraft:iron_chestplate":1,"minecraft:mossy_stone_bricks":1,"minecraft:stone_bricks":4,"minecraft:stone_pickaxe":5,"orcz:orchorn":2},"minecraft:killed":{"minecraft:cave_spider":3,"minecraft:witch":3,"minecraft:spider":22,"alexsmobs:enderiophage":2,"minecraft:shulker":1,"minecraft:skeleton":38,"minecraft:bee":3,"minecraft:chicken":1,"minecraft:silverfish":1,"minecraft:illusioner":3,"orcz:weirdboinecro":1,"minecraft:pig":9,"orcz:goblinsavagemace":16,"minecraft:ender_dragon":1,"minecraft:creeper":3,"minecraft:sheep":2,"minecraft:trader_llama":4,"minecraft:pillager":5,"minecraft:zombie":35,"orcz:bigorcboss":2,"minecraft:stray":14,"orcz:orcsavage_2sword":7,"orcz:snot":13,"minecraft:blaze":2,"orcz:orcshield":12,"minecraft:vex":11,"minecraft:evoker":12,"minecraft:allay":1,"minecraft:vindicator":16,"alexsmobs:seagull":1,"minecraft:phantom":1,"orcz:orcsavagemace":3,"orcz:orcsavageweird":2,"alexsmobs:skunk":1,"minecraft:wandering_trader":1,"whisperwoods:zotzpyre":6,"tombstone:spectral_wolf":4,"orcz:goblin_2sword":2,"minecraft:enderman":12},"minecraft:crafted":{"minecraft:grindstone":1,"minecraft:oak_planks":288,"connectedglass:borderless_glass":80,"minecraft:glass":82,"minecraft:diamond_helmet":1,"minecraft:diamond_leggings":1,"minecraft:chest":6,"minecraft:netherite_helmet":1,"minecraft:stone_bricks":80,"epicpaladins:steel_ingot":46,"minecraft:oak_slab":6,"sophisticatedbackpacks:backpack":2,"minecraft:cooked_porkchop":13,"minecraft:diamond_axe":1,"minecraft:crafting_table":11,"minecraft:iron_helmet":1,"minecraft:wooden_pickaxe":1,"minecraft:baked_potato":13,"minecraft:smithing_table":1,"minecraft:sticky_piston":1,"minecraft:birch_planks":64,"sophisticatedbackpacks:upgrade_base":1,"epicpaladins:cryorium_sword":1,"minecraft:iron_chestplate":1,"minecraft:diamond_pickaxe":2,"sophisticatedbackpacks:diamond_backpack":1,"minecraft:stone_slab":6,"minecraft:iron_ingot":12,"minecraft:iron_block":3,"minecraft:stone_sword":2,"minecraft:gold_ingot":9,"minecraft:netherite_ingot":8,"sophisticatedbackpacks:advanced_pickup_upgrade":1,"minecraft:golden_carrot":80,"minecraft:redstone":72,"comforts:sleeping_bag_white":2,"minecraft:furnace":2,"minecraft:piston":1,"minecraft:bone_meal":216,"minecraft:oak_trapdoor":22,"minecraft:flint_and_steel":1,"minecraft:spruce_stairs":20,"minecraft:iron_axe":1,"minecraft:stone_pickaxe":8,"minecraft:diamond_boots":1,"epicpaladins:cryorium_pickaxe":2,"minecraft:netherite_scrap":32,"minecraft:wheat":261,"sophisticatedbackpacks:iron_backpack":2,"minecraft:diamond_sword":1,"elevatorid:elevator_white":4,"minecraft:iron_sword":1,"sophisticatedbackpacks:gold_backpack":2,"epicpaladins:cryorium_axe":1,"minecraft:bucket":1,"minecraft:stone_axe":10,"minecraft:air":0,"minecraft:bread":87,"minecraft:oak_fence_gate":10,"sophisticatedbackpacks:pickup_upgrade":1,"minecraft:white_wool":6,"minecraft:gold_nugget":603,"minecraft:wooden_axe":1,"minecraft:oak_stairs":84,"minecraft:iron_shovel":1,"minecraft:anvil":1,"minecraft:torch":16,"minecraft:diamond_chestplate":1,"minecraft:golden_hoe":1},"minecraft:used":{"orcz:blue_orcshroom":1,"minecraft:iron_shovel":514,"minecraft:spruce_slab":2,"minecraft:shield":20,"minecraft:chest":31,"minecraft:stone":69,"minecraft:iron_sword":109,"securitycraft:security_camera":2,"minecraft:soul_sand":1,"minecraft:carrot":142,"minecraft:tuff":1,"minecraft:obsidian":50,"minecraft:glass":2,"securitycraft:camera_monitor":2,"minecraft:lava_bucket":33,"minecraft:netherite_shovel":126,"minecraft:grass_block":2,"minecraft:stone_bricks":244,"minecraft:repeater":1,"minecraft:scaffolding":6,"securitycraft:laser_block":8,"minecraft:furnace":6,"minecraft:egg":1,"securitycraft:alarm":9,"minecraft:end_stone_bricks":1,"minecraft:end_rod":3,"securitycraft:door_indestructible_iron_item":13,"minecraft:stone_pickaxe":24,"minecraft:oak_planks":131,"minecraft:ender_pearl":10,"minecraft:wooden_pickaxe":38,"minecraft:redstone_block":15,"minecraft:diamond_axe":3,"minecraft:golden_apple":6,"elevatorid:elevator_white":17,"minecraft:golden_hoe":47,"minecraft:sand":1,"minecraft:blast_furnace":4,"minecraft:crossbow":308,"minecraft:sticky_piston":30,"securitycraft:floor_trap":4,"minecraft:lever":5,"minecraft:bread":49,"minecraft:diamond_sword":523,"minecraft:fire_charge":6,"securitycraft:motion_activated_light":2,"minecraft:cooked_rabbit":3,"minecraft:andesite":2,"minecraft:grindstone":1,"minecraft:smithing_table":3,"minecraft:bone_meal":216,"minecraft:cobweb":4,"minecraft:oak_trapdoor":38,"minecraft:netherite_sword":459,"minecraft:iron_bars":7,"minecraft:stone_sword":130,"minecraft:enchanting_table":2,"minecraft:flint_and_steel":9,"epicpaladins:cryorium_pickaxe":10,"minecraft:redstone":47,"minecraft:spruce_planks":23,"securitycraft:keypad_door_item":2,"dynamictrees:oak_seed":3,"minecraft:netherrack":413,"minecraft:torch":157,"trapcraft:grass_covering":4,"minecraft:dirt":382,"securitycraft:reinforced_oak_fence_gate":2,"minecraft:anvil":5,"minecraft:white_carpet":60,"minecraft:spruce_stairs":38,"orcz:palisadedarkoak":2,"minecraft:oak_wood":8,"alexsmobs:capsid":1,"minecraft:oak_fence_gate":14,"minecraft:wooden_axe":1,"minecraft:iron_axe":171,"minecraft:oak_stairs":173,"connectedglass:borderless_glass":1611,"minecraft:diamond_chestplate":1,"minecraft:golden_carrot":84,"tombstone:gift":6,"minecraft:netherite_pickaxe":491,"comforts:sleeping_bag_white":28,"minecraft:stone_pressure_plate":2,"minecraft:cooked_beef":26,"minecraft:cobbled_deepslate":17,"minecraft:observer":11,"epicpaladins:cryorium_sword":9,"minecraft:knowledge_book":15,"minecraft:water_bucket":17,"minecraft:amethyst_block":4,"minecraft:birch_planks":24,"minecraft:baked_potato":31,"minecraft:red_nether_bricks":10,"securitycraft:panic_button":7,"securitycraft:scanner_door_item":3,"securitycraft:keypad":1,"minecraft:oak_slab":2,"minecraft:crafting_table":29,"minecraft:smoker":4,"minecraft:oak_log":342,"minecraft:diamond_pickaxe":2635,"minecraft:apple":2,"minecraft:diamond_shovel":191,"minecraft:iron_pickaxe":18,"minecraft:lapis_ore":30,"tombstone:magic_scroll":3,"minecraft:netherite_axe":42,"minecraft:purpur_slab":2,"minecraft:stone_axe":16,"minecraft:cobblestone":15,"minecraft:potion":3,"minecraft:end_crystal":1,"minecraft:cooked_porkchop":13,"minecraft:bucket":17,"minecraft:glass_pane":58,"minecraft:stripped_oak_log":163},"minecraft:custom":{"minecraft:interact_with_crafting_table":92,"minecraft:open_barrel":21,"minecraft:eat_cake_slice":4,"minecraft:leave_game":11,"minecraft:time_since_death":277170,"minecraft:sprint_one_cm":1515747,"minecraft:damage_blocked_by_shield":910,"minecraft:drop":167,"minecraft:play_time":583797,"minecraft:deaths":1,"tombstone:tomb_raiding":2,"minecraft:jump":6898,"minecraft:interact_with_brewingstand":1,"minecraft:walk_on_water_one_cm":57752,"minecraft:enchant_item":64,"minecraft:interact_with_furnace":50,"minecraft:sleep_in_bed":28,"minecraft:open_enderchest":4,"minecraft:damage_dealt":58330,"minecraft:player_kills":3,"minecraft:crouch_one_cm":18427,"tombstone:undead_killed":58,"minecraft:interact_with_smoker":33,"minecraft:inspect_dispenser":1,"minecraft:interact_with_smithing_table":6,"minecraft:interact_with_anvil":28,"minecraft:mob_kills":301,"minecraft:damage_dealt_resisted":815,"minecraft:climb_one_cm":5845,"minecraft:walk_one_cm":987764,"minecraft:damage_dealt_absorbed":710,"minecraft:sneak_time":10632,"minecraft:walk_under_water_one_cm":14891,"minecraft:interact_with_blast_furnace":34,"minecraft:total_world_time":583797,"minecraft:interact_with_grindstone":1,"minecraft:time_since_rest":98407,"minecraft:damage_taken":12203,"minecraft:damage_absorbed":227,"tombstone:cast_on_ally":1,"minecraft:swim_one_cm":37737,"minecraft:fly_one_cm":2051363,"minecraft:open_chest":419,"minecraft:fall_one_cm":252780}},"DataVersion":3465}