{"stats":{"minecraft:broken":{"minecraft:iron_shovel":1,"minecraft:golden_hoe":1,"minecraft:stone_sword":1,"minecraft:leather_chestplate":1},"minecraft:mined":{"minecraft:stone_pressure_plate":5,"minecraft:spruce_planks":2,"orcz:orcamanita":1,"minecraft:farmland":6,"connectedglass:borderless_glass":16,"orcz:palisadedarkoak":6,"minecraft:granite":7,"minecraft:grass_block":134,"minecraft:chiseled_stone_bricks":1,"minecraft:spawner":57,"minecraft:cobbled_deepslate":10,"minecraft:fire":17,"minecraft:deepslate_lapis_ore":11,"minecraft:nether_brick_stairs":6,"minecraft:enchanting_table":3,"minecraft:oak_stairs":4,"minecraft:iron_bars":33,"minecraft:spruce_pressure_plate":1,"minecraft:blackstone":13,"minecraft:torch":1,"minecraft:polished_andesite_stairs":4,"minecraft:chest":2,"minecraft:glass":2,"minecraft:nether_quartz_ore":18,"minecraft:cobblestone":12,"minecraft:grindstone":1,"minecraft:oak_planks":7,"minecraft:iron_door":4,"minecraft:wall_torch":4,"minecraft:seagrass":9,"orcz:orcagaric":1,"epicpaladins:deepslate_cryorium_ore":19,"minecraft:grass":215,"orcz:blue_orcshroom":1,"minecraft:oak_log":22,"minecraft:sand":97,"minecraft:dirt":393,"minecraft:netherrack":1944,"minecraft:ancient_debris":32,"minecraft:oak_leaves":1,"minecraft:deepslate":256,"minecraft:nether_gold_ore":4,"minecraft:tuff":7,"minecraft:light_gray_stained_glass_pane":2,"minecraft:mossy_cobblestone":1,"minecraft:deepslate_diamond_ore":36,"epicpaladins:deepslate_arclight_ore":2,"minecraft:hay_block":6,"minecraft:oak_trapdoor":6,"minecraft:furnace":2,"minecraft:carrots":101,"minecraft:andesite":9,"minecraft:mossy_stone_brick_stairs":3,"minecraft:potatoes":1,"minecraft:deepslate_iron_ore":3,"minecraft:vine":2,"minecraft:stone":243,"minecraft:bone_block":24,"minecraft:soul_sand":1,"minecraft:crafting_table":19,"minecraft:tall_grass":18,"minecraft:lapis_ore":30,"minecraft:diorite":7,"minecraft:spruce_stairs":38,"minecraft:birch_planks":1,"minecraft:bee_nest":1,"elevatorid:elevator_white":1,"minecraft:coal_ore":35,"minecraft:gravel":177,"minecraft:cobweb":7,"minecraft:cracked_stone_bricks":1,"minecraft:polished_andesite":2,"minecraft:stone_bricks":23},"minecraft:picked_up":{"minecraft:iron_chestplate":1,"minecraft:redstone_block":8,"minecraft:chainmail_boots":2,"minecraft:lead":4,"minecraft:diamond_sword":1,"minecraft:oak_stairs":2,"minecraft:potion":6,"minecraft:enchanted_book":2,"tombstone:grave_key":1,"minecraft:string":29,"minecraft:iron_leggings":2,"minecraft:diamond_leggings":2,"minecraft:gold_nugget":33,"minecraft:cobbled_deepslate":259,"comforts:sleeping_bag_white":27,"dynamictrees:oak_seed":18,"minecraft:furnace":2,"minecraft:iron_boots":2,"minecraft:tipped_arrow":4,"minecraft:stick":176,"orcz:orcskull":1,"epicpaladins:arclight_gem":8,"minecraft:torch":12,"minecraft:spruce_stairs":26,"securitycraft:camera_monitor":1,"minecraft:porkchop":14,"tombstone:grave_dust":11,"minecraft:diorite":6,"orcz:palisadedarkoak":6,"epicpaladins:cryorium_gem":19,"minecraft:rotten_flesh":39,"orcz:orcshroom":3,"minecraft:iron_bars":37,"minecraft:cobblestone":124,"minecraft:birch_log":16,"minecraft:enchanting_table":3,"minecraft:leather_chestplate":1,"orcz:orcteeth":92,"minecraft:iron_door":4,"minecraft:potato":3,"minecraft:flint":15,"minecraft:tuff":6,"minecraft:lapis_lazuli":607,"minecraft:dirt":198,"minecraft:leather_boots":1,"minecraft:bone":30,"minecraft:bow":1,"minecraft:wheat_seeds":9,"minecraft:cooked_porkchop":1,"orcz:skullwandorc":1,"orcz:orcagaric":2,"minecraft:sand":56,"orcz:blue_orcshroom":7,"minecraft:nether_brick_stairs":1,"alexsmobs:animal_dictionary":1,"minecraft:polished_andesite":64,"minecraft:diamond":47,"minecraft:granite":1,"minecraft:emerald":8,"minecraft:chainmail_helmet":2,"minecraft:bread":1,"orcz:ironscrap":7,"minecraft:netherrack":1881,"minecraft:bricks":2,"minecraft:crafting_table":8,"whisperwoods:ghost_light_gold":1,"minecraft:oak_trapdoor":1,"minecraft:iron_axe":1,"minecraft:white_carpet":9,"minecraft:blackstone":13,"minecraft:cracked_stone_bricks":1,"minecraft:beef":13,"minecraft:egg":1,"minecraft:raw_iron":10,"minecraft:stone":73,"orcz:orchorn":4,"minecraft:carrot":364,"minecraft:redstone":3,"minecraft:stone_pressure_plate":2,"minecraft:diamond_chestplate":1,"minecraft:arrow":39,"minecraft:hay_block":6,"minecraft:mutton":2,"minecraft:white_wool":8,"minecraft:skeleton_skull":1,"minecraft:bone_block":24,"minecraft:glow_ink_sac":2,"minecraft:leather":13,"minecraft:birch_planks":24,"minecraft:oak_log":218,"minecraft:ancient_debris":32,"minecraft:gunpowder":2,"minecraft:stone_bricks":7,"tombstone:receptacle_of_familiar":1,"dynamictrees:birch_seed":5,"minecraft:iron_ingot":37,"minecraft:stone_pickaxe":1,"minecraft:glass_bottle":3,"minecraft:soul_sand":1,"sophisticatedbackpacks:diamond_backpack":1,"minecraft:polished_andesite_stairs":6,"minecraft:quartz":39,"minecraft:gravel":160,"orcz:orcamanita":1,"minecraft:spider_eye":2,"minecraft:leather_helmet":3,"minecraft:stone_axe":2,"minecraft:chainmail_leggings":2,"minecraft:iron_helmet":1,"tombstone:magic_scroll":3,"securitycraft:door_indestructible_iron_item":1,"minecraft:coal":91},"minecraft:dropped":{"epicpaladins:cryorium_axe":1,"minecraft:glass_bottle":1,"orcz:blue_orcshroom":2,"epicpaladins:cryorium_pickaxe":2,"minecraft:leather_helmet":3,"minecraft:flint":12,"sophisticatedbackpacks:gold_backpack":1,"tombstone:receptacle_of_familiar":1,"minecraft:bone":2,"minecraft:gravel":142,"minecraft:stone_axe":9,"minecraft:blackstone":13,"minecraft:cobbled_deepslate":45,"minecraft:rotten_flesh":6,"minecraft:diamond_shovel":1,"orcz:orcshroom":1,"epicpaladins:cryorium_sword":1,"minecraft:chainmail_boots":1,"comforts:sleeping_bag_white":2,"minecraft:iron_bars":7,"minecraft:arrow":21,"orcz:skullwandorc":1,"minecraft:quartz":34,"minecraft:netherrack":1405,"minecraft:enchanted_book":1,"minecraft:iron_ingot":37,"minecraft:bread":44,"minecraft:wheat_seeds":1,"minecraft:diamond_leggings":1,"minecraft:iron_helmet":1,"minecraft:cobblestone":41,"minecraft:book":26,"minecraft:chainmail_helmet":1,"minecraft:stick":67,"tombstone:grave_key":1,"tombstone:grave_dust":1,"whisperwoods:ghost_light_gold":1,"minecraft:polished_andesite_stairs":2,"minecraft:chainmail_leggings":2,"minecraft:stone_sword":1,"orcz:ironscrap":1,"orcz:orcteeth":38,"minecraft:diamond_chestplate":1,"minecraft:spruce_planks":42,"minecraft:diamond_pickaxe":1,"minecraft:iron_chestplate":1,"minecraft:stone_pickaxe":5,"orcz:orchorn":2},"minecraft:killed":{"minecraft:cave_spider":3,"minecraft:witch":3,"minecraft:spider":22,"minecraft:skeleton":36,"minecraft:bee":3,"orcz:weirdboinecro":1,"minecraft:pig":9,"orcz:goblinsavagemace":16,"minecraft:creeper":3,"minecraft:sheep":2,"minecraft:trader_llama":4,"minecraft:zombie":33,"orcz:bigorcboss":2,"minecraft:stray":14,"orcz:orcsavage_2sword":7,"orcz:snot":13,"orcz:orcshield":12,"minecraft:vindicator":5,"alexsmobs:seagull":1,"orcz:orcsavagemace":3,"orcz:orcsavageweird":2,"alexsmobs:skunk":1,"minecraft:wandering_trader":1,"whisperwoods:zotzpyre":6,"tombstone:spectral_wolf":4,"orcz:goblin_2sword":2,"minecraft:enderman":3},"minecraft:crafted":{"minecraft:grindstone":1,"minecraft:oak_planks":288,"connectedglass:borderless_glass":80,"minecraft:glass":82,"minecraft:diamond_helmet":1,"minecraft:diamond_leggings":1,"minecraft:chest":6,"minecraft:netherite_helmet":1,"minecraft:stone_bricks":80,"epicpaladins:steel_ingot":46,"minecraft:oak_slab":6,"sophisticatedbackpacks:backpack":2,"minecraft:cooked_porkchop":13,"minecraft:diamond_axe":1,"minecraft:crafting_table":11,"minecraft:iron_helmet":1,"minecraft:wooden_pickaxe":1,"minecraft:baked_potato":13,"minecraft:smithing_table":1,"minecraft:sticky_piston":1,"minecraft:birch_planks":64,"sophisticatedbackpacks:upgrade_base":1,"epicpaladins:cryorium_sword":1,"minecraft:iron_chestplate":1,"minecraft:diamond_pickaxe":2,"sophisticatedbackpacks:diamond_backpack":1,"minecraft:stone_slab":6,"minecraft:iron_ingot":12,"minecraft:iron_block":3,"minecraft:stone_sword":2,"minecraft:netherite_ingot":8,"sophisticatedbackpacks:advanced_pickup_upgrade":1,"minecraft:golden_carrot":64,"minecraft:redstone":72,"comforts:sleeping_bag_white":2,"minecraft:furnace":2,"minecraft:piston":1,"minecraft:bone_meal":216,"minecraft:oak_trapdoor":22,"minecraft:flint_and_steel":1,"minecraft:spruce_stairs":20,"minecraft:iron_axe":1,"minecraft:stone_pickaxe":8,"minecraft:diamond_boots":1,"epicpaladins:cryorium_pickaxe":2,"minecraft:netherite_scrap":32,"minecraft:wheat":261,"sophisticatedbackpacks:iron_backpack":2,"minecraft:diamond_sword":1,"elevatorid:elevator_white":4,"minecraft:iron_sword":1,"sophisticatedbackpacks:gold_backpack":2,"epicpaladins:cryorium_axe":1,"minecraft:bucket":1,"minecraft:stone_axe":10,"minecraft:bread":87,"minecraft:air":0,"minecraft:oak_fence_gate":10,"sophisticatedbackpacks:pickup_upgrade":1,"minecraft:white_wool":6,"minecraft:gold_nugget":522,"minecraft:wooden_axe":1,"minecraft:oak_stairs":84,"minecraft:iron_shovel":1,"minecraft:anvil":1,"minecraft:torch":16,"minecraft:diamond_chestplate":1,"minecraft:golden_hoe":1},"minecraft:used":{"orcz:blue_orcshroom":1,"minecraft:iron_shovel":514,"minecraft:shield":16,"minecraft:chest":31,"minecraft:stone":69,"minecraft:iron_sword":109,"securitycraft:security_camera":2,"minecraft:soul_sand":1,"minecraft:carrot":142,"minecraft:tuff":1,"minecraft:obsidian":49,"minecraft:glass":2,"securitycraft:camera_monitor":2,"minecraft:lava_bucket":33,"minecraft:netherite_shovel":126,"minecraft:grass_block":2,"minecraft:stone_bricks":244,"minecraft:repeater":1,"minecraft:furnace":6,"securitycraft:laser_block":8,"minecraft:egg":1,"securitycraft:alarm":9,"securitycraft:door_indestructible_iron_item":13,"minecraft:stone_pickaxe":24,"minecraft:oak_planks":131,"minecraft:ender_pearl":6,"minecraft:wooden_pickaxe":38,"minecraft:redstone_block":15,"minecraft:diamond_axe":3,"minecraft:golden_apple":5,"elevatorid:elevator_white":17,"minecraft:golden_hoe":47,"minecraft:sand":1,"minecraft:blast_furnace":4,"minecraft:sticky_piston":30,"securitycraft:floor_trap":4,"minecraft:lever":5,"minecraft:bread":49,"minecraft:diamond_sword":523,"minecraft:fire_charge":6,"securitycraft:motion_activated_light":2,"minecraft:grindstone":1,"minecraft:smithing_table":1,"minecraft:cooked_rabbit":3,"minecraft:andesite":2,"minecraft:bone_meal":216,"minecraft:cobweb":4,"minecraft:oak_trapdoor":38,"minecraft:netherite_sword":111,"minecraft:iron_bars":7,"minecraft:enchanting_table":2,"minecraft:stone_sword":130,"minecraft:flint_and_steel":9,"epicpaladins:cryorium_pickaxe":10,"minecraft:redstone":47,"minecraft:spruce_planks":23,"securitycraft:keypad_door_item":2,"dynamictrees:oak_seed":3,"minecraft:netherrack":45,"minecraft:torch":157,"trapcraft:grass_covering":4,"minecraft:dirt":382,"securitycraft:reinforced_oak_fence_gate":2,"minecraft:anvil":1,"minecraft:white_carpet":60,"minecraft:spruce_stairs":38,"orcz:palisadedarkoak":2,"minecraft:oak_wood":8,"minecraft:oak_fence_gate":14,"minecraft:wooden_axe":1,"minecraft:iron_axe":171,"minecraft:oak_stairs":173,"connectedglass:borderless_glass":1611,"minecraft:diamond_chestplate":1,"minecraft:golden_carrot":14,"minecraft:netherite_pickaxe":205,"tombstone:gift":4,"comforts:sleeping_bag_white":28,"minecraft:stone_pressure_plate":2,"minecraft:cooked_beef":26,"minecraft:cobbled_deepslate":17,"minecraft:observer":11,"epicpaladins:cryorium_sword":9,"minecraft:water_bucket":17,"minecraft:birch_planks":24,"minecraft:baked_potato":31,"minecraft:red_nether_bricks":10,"securitycraft:panic_button":7,"securitycraft:scanner_door_item":3,"securitycraft:keypad":1,"minecraft:oak_slab":2,"minecraft:crafting_table":29,"minecraft:smoker":4,"minecraft:oak_log":342,"minecraft:diamond_pickaxe":2635,"minecraft:apple":2,"minecraft:diamond_shovel":191,"minecraft:iron_pickaxe":18,"minecraft:netherite_axe":4,"minecraft:lapis_ore":30,"minecraft:stone_axe":16,"minecraft:cobblestone":15,"minecraft:potion":2,"minecraft:cooked_porkchop":13,"minecraft:bucket":17,"minecraft:glass_pane":58,"minecraft:stripped_oak_log":163},"minecraft:custom":{"minecraft:interact_with_crafting_table":90,"minecraft:eat_cake_slice":4,"minecraft:leave_game":10,"minecraft:time_since_death":182820,"minecraft:sprint_one_cm":1197447,"minecraft:damage_blocked_by_shield":740,"minecraft:drop":118,"minecraft:play_time":489369,"minecraft:deaths":1,"tombstone:tomb_raiding":2,"minecraft:jump":4692,"minecraft:interact_with_brewingstand":1,"minecraft:walk_on_water_one_cm":14754,"minecraft:enchant_item":62,"minecraft:interact_with_furnace":50,"minecraft:sleep_in_bed":28,"minecraft:damage_dealt":39458,"minecraft:player_kills":3,"minecraft:crouch_one_cm":12332,"tombstone:undead_killed":53,"minecraft:interact_with_smoker":31,"minecraft:inspect_dispenser":1,"minecraft:interact_with_smithing_table":5,"minecraft:interact_with_anvil":17,"minecraft:mob_kills":221,"minecraft:damage_dealt_resisted":815,"minecraft:climb_one_cm":3164,"minecraft:walk_one_cm":807730,"minecraft:damage_dealt_absorbed":80,"minecraft:sneak_time":8421,"minecraft:walk_under_water_one_cm":10694,"minecraft:interact_with_blast_furnace":34,"minecraft:total_world_time":489369,"minecraft:interact_with_grindstone":1,"minecraft:time_since_rest":3979,"minecraft:damage_taken":7066,"minecraft:damage_absorbed":187,"minecraft:swim_one_cm":9558,"minecraft:fly_one_cm":1244797,"minecraft:open_chest":295,"minecraft:fall_one_cm":152820}},"DataVersion":3465}