{"stats":{"minecraft:picked_up":{"minecraft:iron_chestplate":1,"minecraft:crafting_table":8,"minecraft:diamond_sword":1,"minecraft:redstone_block":8,"minecraft:chainmail_boots":2,"minecraft:lead":2,"minecraft:oak_stairs":2,"minecraft:enchanted_book":2,"whisperwoods:ghost_light_gold":1,"minecraft:string":27,"minecraft:oak_trapdoor":1,"minecraft:iron_axe":1,"minecraft:iron_leggings":2,"minecraft:white_carpet":9,"minecraft:cracked_stone_bricks":1,"minecraft:diamond_leggings":2,"minecraft:cobbled_deepslate":179,"comforts:sleeping_bag_white":21,"dynamictrees:oak_seed":18,"minecraft:egg":1,"minecraft:furnace":2,"minecraft:iron_boots":2,"minecraft:tipped_arrow":4,"minecraft:raw_iron":3,"minecraft:stick":162,"minecraft:stone":73,"orcz:orcskull":1,"minecraft:torch":8,"minecraft:spruce_stairs":26,"securitycraft:camera_monitor":1,"minecraft:porkchop":12,"orcz:orchorn":4,"tombstone:grave_dust":8,"orcz:palisadedarkoak":2,"minecraft:redstone":3,"minecraft:stone_pressure_plate":2,"epicpaladins:cryorium_gem":4,"minecraft:diamond_chestplate":1,"minecraft:arrow":39,"minecraft:rotten_flesh":35,"orcz:orcshroom":3,"minecraft:mutton":2,"minecraft:skeleton_skull":1,"minecraft:iron_bars":37,"minecraft:white_wool":8,"minecraft:cobblestone":53,"minecraft:birch_log":16,"minecraft:enchanting_table":3,"minecraft:leather_chestplate":1,"orcz:orcteeth":78,"minecraft:iron_door":4,"minecraft:leather":8,"minecraft:birch_planks":24,"minecraft:flint":3,"minecraft:oak_log":215,"minecraft:gunpowder":2,"minecraft:dirt":86,"minecraft:leather_boots":1,"minecraft:bone":29,"minecraft:stone_bricks":7,"minecraft:bow":1,"minecraft:wheat_seeds":6,"minecraft:iron_ingot":37,"dynamictrees:birch_seed":5,"minecraft:stone_pickaxe":1,"minecraft:soul_sand":1,"sophisticatedbackpacks:diamond_backpack":1,"minecraft:polished_andesite_stairs":6,"minecraft:cooked_porkchop":1,"minecraft:gravel":18,"orcz:orcagaric":1,"orcz:blue_orcshroom":7,"minecraft:sand":56,"orcz:orcamanita":1,"minecraft:nether_brick_stairs":1,"minecraft:spider_eye":2,"alexsmobs:animal_dictionary":1,"minecraft:leather_helmet":3,"minecraft:polished_andesite":64,"minecraft:chainmail_leggings":1,"minecraft:diamond":36,"minecraft:stone_axe":2,"minecraft:iron_helmet":1,"minecraft:bread":1,"minecraft:chainmail_helmet":2,"tombstone:magic_scroll":2,"orcz:ironscrap":5,"securitycraft:door_indestructible_iron_item":1,"minecraft:bricks":2,"minecraft:coal":5},"minecraft:killed":{"minecraft:cave_spider":3,"minecraft:spider":22,"alexsmobs:seagull":1,"minecraft:skeleton":32,"minecraft:bee":3,"orcz:orcsavagemace":3,"orcz:orcsavageweird":1,"minecraft:pig":8,"alexsmobs:skunk":1,"orcz:goblinsavagemace":11,"minecraft:wandering_trader":1,"minecraft:creeper":3,"minecraft:sheep":2,"whisperwoods:zotzpyre":5,"minecraft:trader_llama":2,"minecraft:zombie":31,"orcz:bigorcboss":2,"minecraft:stray":14,"orcz:goblin_2sword":2,"orcz:orcsavage_2sword":5,"orcz:snot":13,"orcz:orcshield":9,"minecraft:enderman":3},"minecraft:broken":{"minecraft:iron_shovel":1,"minecraft:stone_sword":1,"minecraft:leather_chestplate":1},"minecraft:custom":{"minecraft:interact_with_anvil":1,"minecraft:mob_kills":182,"minecraft:interact_with_crafting_table":72,"minecraft:damage_dealt_resisted":710,"minecraft:eat_cake_slice":4,"minecraft:leave_game":7,"minecraft:time_since_death":86054,"minecraft:climb_one_cm":3164,"minecraft:sprint_one_cm":949906,"minecraft:walk_one_cm":583847,"minecraft:damage_blocked_by_shield":740,"minecraft:drop":51,"minecraft:damage_dealt_absorbed":80,"minecraft:play_time":392603,"minecraft:deaths":1,"minecraft:sneak_time":6990,"minecraft:walk_under_water_one_cm":6278,"tombstone:tomb_raiding":1,"minecraft:jump":3562,"minecraft:interact_with_blast_furnace":23,"minecraft:walk_on_water_one_cm":10267,"minecraft:total_world_time":392603,"minecraft:interact_with_furnace":49,"minecraft:interact_with_grindstone":1,"minecraft:sleep_in_bed":22,"minecraft:time_since_rest":2049,"minecraft:damage_taken":5804,"minecraft:damage_absorbed":153,"minecraft:damage_dealt":32353,"minecraft:player_kills":1,"minecraft:swim_one_cm":6520,"minecraft:fly_one_cm":1029741,"minecraft:open_chest":248,"minecraft:crouch_one_cm":9736,"tombstone:undead_killed":43,"minecraft:interact_with_smoker":9,"minecraft:fall_one_cm":107082},"minecraft:dropped":{"minecraft:bread":44,"minecraft:enchanted_book":1,"minecraft:iron_ingot":37,"minecraft:glass_bottle":1,"minecraft:cobblestone":4,"orcz:blue_orcshroom":2,"minecraft:chainmail_helmet":1,"minecraft:leather_helmet":3,"sophisticatedbackpacks:gold_backpack":1,"minecraft:stick":67,"whisperwoods:ghost_light_gold":1,"minecraft:polished_andesite_stairs":2,"minecraft:bone":2,"minecraft:stone_axe":2,"minecraft:stone_sword":1,"minecraft:rotten_flesh":6,"minecraft:diamond_shovel":1,"orcz:orcshroom":1,"orcz:ironscrap":1,"orcz:orcteeth":36,"minecraft:spruce_planks":42,"minecraft:chainmail_boots":1,"comforts:sleeping_bag_white":2,"minecraft:iron_bars":7,"minecraft:arrow":21,"minecraft:stone_pickaxe":1,"orcz:orchorn":2,"minecraft:wheat_seeds":1},"minecraft:mined":{"orcz:orcamanita":1,"minecraft:stone_pressure_plate":5,"minecraft:spruce_planks":2,"minecraft:light_gray_stained_glass_pane":2,"connectedglass:borderless_glass":16,"minecraft:mossy_cobblestone":1,"minecraft:deepslate_diamond_ore":28,"orcz:palisadedarkoak":2,"minecraft:granite":6,"minecraft:grass_block":112,"minecraft:chiseled_stone_bricks":1,"minecraft:spawner":57,"minecraft:oak_trapdoor":6,"minecraft:furnace":2,"minecraft:cobbled_deepslate":10,"minecraft:andesite":9,"minecraft:enchanting_table":3,"minecraft:nether_brick_stairs":6,"minecraft:deepslate_iron_ore":3,"minecraft:mossy_stone_brick_stairs":3,"minecraft:vine":2,"minecraft:oak_stairs":4,"minecraft:iron_bars":33,"minecraft:spruce_pressure_plate":1,"minecraft:stone":179,"minecraft:soul_sand":1,"minecraft:crafting_table":19,"minecraft:torch":1,"minecraft:polished_andesite_stairs":4,"minecraft:chest":2,"minecraft:glass":2,"minecraft:tall_grass":14,"minecraft:cobblestone":1,"minecraft:grindstone":1,"minecraft:oak_planks":7,"minecraft:diorite":1,"minecraft:iron_door":4,"minecraft:wall_torch":4,"minecraft:spruce_stairs":38,"minecraft:birch_planks":1,"epicpaladins:deepslate_cryorium_ore":4,"minecraft:bee_nest":1,"orcz:blue_orcshroom":1,"minecraft:grass":181,"elevatorid:elevator_white":1,"minecraft:gravel":23,"minecraft:oak_log":22,"minecraft:sand":97,"minecraft:dirt":295,"minecraft:cobweb":4,"minecraft:cracked_stone_bricks":1,"minecraft:polished_andesite":2,"minecraft:stone_bricks":23,"minecraft:deepslate":170,"minecraft:oak_leaves":1},"minecraft:used":{"minecraft:enchanting_table":2,"minecraft:oak_trapdoor":38,"orcz:blue_orcshroom":1,"minecraft:iron_bars":7,"minecraft:stone_sword":130,"minecraft:iron_shovel":514,"minecraft:redstone":47,"minecraft:chest":31,"minecraft:spruce_planks":23,"minecraft:shield":16,"minecraft:stone":69,"minecraft:iron_sword":109,"securitycraft:keypad_door_item":2,"securitycraft:security_camera":2,"dynamictrees:oak_seed":3,"minecraft:netherrack":32,"minecraft:torch":153,"minecraft:soul_sand":1,"trapcraft:grass_covering":4,"securitycraft:reinforced_oak_fence_gate":2,"minecraft:dirt":347,"minecraft:anvil":1,"minecraft:white_carpet":60,"minecraft:spruce_stairs":38,"minecraft:carrot":9,"orcz:palisadedarkoak":2,"minecraft:oak_wood":8,"minecraft:oak_fence_gate":14,"minecraft:obsidian":49,"minecraft:glass":2,"minecraft:wooden_axe":1,"securitycraft:camera_monitor":2,"minecraft:lava_bucket":33,"minecraft:iron_axe":171,"minecraft:grass_block":2,"minecraft:oak_stairs":173,"connectedglass:borderless_glass":1611,"minecraft:golden_carrot":2,"minecraft:stone_bricks":244,"minecraft:diamond_chestplate":1,"minecraft:repeater":1,"minecraft:furnace":6,"securitycraft:laser_block":8,"tombstone:gift":3,"minecraft:egg":1,"comforts:sleeping_bag_white":22,"minecraft:stone_pressure_plate":2,"minecraft:cooked_beef":25,"securitycraft:alarm":9,"minecraft:cobbled_deepslate":17,"minecraft:observer":11,"minecraft:water_bucket":6,"minecraft:baked_potato":14,"securitycraft:door_indestructible_iron_item":13,"minecraft:birch_planks":24,"minecraft:oak_planks":131,"minecraft:stone_pickaxe":24,"minecraft:red_nether_bricks":10,"securitycraft:panic_button":7,"minecraft:wooden_pickaxe":38,"minecraft:redstone_block":15,"securitycraft:scanner_door_item":3,"minecraft:golden_apple":4,"elevatorid:elevator_white":17,"securitycraft:keypad":1,"minecraft:golden_hoe":7,"minecraft:sand":1,"minecraft:oak_slab":2,"minecraft:crafting_table":29,"minecraft:blast_furnace":4,"minecraft:smoker":4,"minecraft:sticky_piston":30,"securitycraft:floor_trap":4,"minecraft:oak_log":342,"minecraft:diamond_pickaxe":528,"minecraft:lever":5,"minecraft:apple":2,"minecraft:diamond_shovel":37,"minecraft:bread":45,"minecraft:iron_pickaxe":18,"minecraft:stone_axe":16,"minecraft:diamond_sword":502,"minecraft:fire_charge":6,"minecraft:cobblestone":8,"minecraft:potion":2,"securitycraft:motion_activated_light":2,"minecraft:grindstone":1,"minecraft:cooked_porkchop":11,"minecraft:cooked_rabbit":3,"minecraft:andesite":2,"minecraft:bucket":6,"minecraft:glass_pane":58,"minecraft:stripped_oak_log":163,"minecraft:cobweb":4},"minecraft:crafted":{"minecraft:grindstone":1,"minecraft:oak_planks":276,"minecraft:redstone":72,"comforts:sleeping_bag_white":2,"minecraft:furnace":2,"minecraft:piston":1,"connectedglass:borderless_glass":80,"minecraft:oak_trapdoor":22,"minecraft:glass":82,"minecraft:spruce_stairs":20,"minecraft:diamond_helmet":1,"minecraft:iron_axe":1,"minecraft:stone_pickaxe":2,"minecraft:diamond_boots":1,"minecraft:chest":6,"minecraft:stone_bricks":80,"minecraft:wheat":261,"sophisticatedbackpacks:iron_backpack":2,"epicpaladins:steel_ingot":46,"minecraft:oak_slab":6,"sophisticatedbackpacks:backpack":2,"elevatorid:elevator_white":4,"minecraft:cooked_porkchop":11,"minecraft:crafting_table":11,"minecraft:iron_helmet":1,"minecraft:wooden_pickaxe":1,"minecraft:iron_sword":1,"minecraft:sticky_piston":1,"sophisticatedbackpacks:gold_backpack":2,"minecraft:birch_planks":64,"minecraft:stone_axe":2,"sophisticatedbackpacks:upgrade_base":1,"minecraft:bread":87,"minecraft:air":0,"minecraft:oak_fence_gate":10,"sophisticatedbackpacks:pickup_upgrade":1,"minecraft:white_wool":6,"minecraft:iron_chestplate":1,"minecraft:iron_ingot":5,"sophisticatedbackpacks:diamond_backpack":1,"minecraft:iron_block":3,"minecraft:stone_slab":6,"minecraft:oak_stairs":84,"minecraft:wooden_axe":1,"minecraft:stone_sword":2,"minecraft:iron_shovel":1,"minecraft:anvil":1,"minecraft:torch":16,"sophisticatedbackpacks:advanced_pickup_upgrade":1,"minecraft:golden_hoe":1}},"DataVersion":3465}