{"stats":{"minecraft:picked_up":{"minecraft:iron_chestplate":1,"minecraft:chainmail_boots":2,"minecraft:redstone_block":8,"minecraft:lead":2,"minecraft:diamond_sword":1,"minecraft:oak_stairs":2,"minecraft:enchanted_book":2,"minecraft:string":27,"minecraft:iron_leggings":2,"minecraft:diamond_leggings":2,"minecraft:cobbled_deepslate":201,"comforts:sleeping_bag_white":21,"dynamictrees:oak_seed":18,"minecraft:iron_boots":2,"minecraft:furnace":2,"minecraft:tipped_arrow":4,"minecraft:stick":162,"orcz:orcskull":1,"minecraft:torch":12,"minecraft:spruce_stairs":26,"securitycraft:camera_monitor":1,"minecraft:porkchop":12,"tombstone:grave_dust":8,"orcz:palisadedarkoak":2,"minecraft:rotten_flesh":35,"epicpaladins:cryorium_gem":19,"orcz:orcshroom":3,"minecraft:iron_bars":37,"minecraft:cobblestone":53,"minecraft:birch_log":16,"minecraft:enchanting_table":3,"minecraft:leather_chestplate":1,"orcz:orcteeth":78,"minecraft:iron_door":4,"minecraft:flint":3,"minecraft:tuff":5,"minecraft:lapis_lazuli":68,"minecraft:dirt":86,"minecraft:leather_boots":1,"minecraft:bone":29,"minecraft:bow":1,"minecraft:wheat_seeds":6,"minecraft:cooked_porkchop":1,"orcz:orcagaric":1,"minecraft:sand":56,"orcz:blue_orcshroom":7,"minecraft:nether_brick_stairs":1,"alexsmobs:animal_dictionary":1,"minecraft:polished_andesite":64,"minecraft:diamond":36,"minecraft:chainmail_helmet":2,"minecraft:bread":1,"orcz:ironscrap":5,"minecraft:bricks":2,"minecraft:crafting_table":8,"whisperwoods:ghost_light_gold":1,"minecraft:oak_trapdoor":1,"minecraft:iron_axe":1,"minecraft:white_carpet":9,"minecraft:cracked_stone_bricks":1,"minecraft:egg":1,"minecraft:raw_iron":3,"minecraft:stone":73,"orcz:orchorn":4,"minecraft:redstone":3,"minecraft:stone_pressure_plate":2,"minecraft:arrow":39,"minecraft:diamond_chestplate":1,"minecraft:mutton":2,"minecraft:white_wool":8,"minecraft:skeleton_skull":1,"minecraft:leather":8,"minecraft:birch_planks":24,"minecraft:oak_log":215,"minecraft:gunpowder":2,"minecraft:stone_bricks":7,"minecraft:iron_ingot":37,"minecraft:stone_pickaxe":1,"dynamictrees:birch_seed":5,"minecraft:soul_sand":1,"sophisticatedbackpacks:diamond_backpack":1,"minecraft:polished_andesite_stairs":6,"minecraft:gravel":18,"orcz:orcamanita":1,"minecraft:spider_eye":2,"minecraft:leather_helmet":3,"minecraft:stone_axe":2,"minecraft:chainmail_leggings":1,"minecraft:iron_helmet":1,"tombstone:magic_scroll":2,"securitycraft:door_indestructible_iron_item":1,"minecraft:coal":5},"minecraft:killed":{"minecraft:cave_spider":3,"minecraft:spider":22,"minecraft:skeleton":34,"minecraft:bee":3,"minecraft:pig":8,"orcz:goblinsavagemace":11,"minecraft:creeper":3,"minecraft:sheep":2,"minecraft:trader_llama":2,"minecraft:zombie":31,"minecraft:stray":14,"orcz:bigorcboss":2,"orcz:orcsavage_2sword":5,"orcz:snot":13,"orcz:orcshield":9,"alexsmobs:seagull":1,"orcz:orcsavagemace":3,"orcz:orcsavageweird":1,"alexsmobs:skunk":1,"minecraft:wandering_trader":1,"whisperwoods:zotzpyre":5,"orcz:goblin_2sword":2,"minecraft:enderman":3},"minecraft:custom":{"minecraft:interact_with_crafting_table":81,"minecraft:eat_cake_slice":4,"minecraft:leave_game":7,"minecraft:time_since_death":98054,"minecraft:sprint_one_cm":971072,"minecraft:damage_blocked_by_shield":740,"minecraft:drop":52,"minecraft:play_time":404603,"minecraft:deaths":1,"tombstone:tomb_raiding":1,"minecraft:jump":3745,"minecraft:walk_on_water_one_cm":11553,"minecraft:enchant_item":23,"minecraft:interact_with_furnace":49,"minecraft:sleep_in_bed":22,"minecraft:damage_dealt":32808,"minecraft:player_kills":1,"minecraft:crouch_one_cm":9822,"tombstone:undead_killed":45,"minecraft:interact_with_smoker":9,"minecraft:mob_kills":185,"minecraft:interact_with_anvil":3,"minecraft:damage_dealt_resisted":710,"minecraft:climb_one_cm":3164,"minecraft:walk_one_cm":597584,"minecraft:damage_dealt_absorbed":80,"minecraft:sneak_time":7136,"minecraft:walk_under_water_one_cm":7734,"minecraft:interact_with_blast_furnace":23,"minecraft:total_world_time":404603,"minecraft:interact_with_grindstone":1,"minecraft:time_since_rest":14049,"minecraft:damage_taken":5896,"minecraft:damage_absorbed":153,"minecraft:swim_one_cm":7800,"minecraft:fly_one_cm":1070433,"minecraft:open_chest":248,"minecraft:fall_one_cm":115253},"minecraft:broken":{"minecraft:iron_shovel":1,"minecraft:stone_sword":1,"minecraft:leather_chestplate":1},"minecraft:dropped":{"minecraft:glass_bottle":1,"orcz:blue_orcshroom":2,"minecraft:leather_helmet":3,"sophisticatedbackpacks:gold_backpack":1,"minecraft:bone":2,"minecraft:stone_axe":2,"minecraft:rotten_flesh":6,"minecraft:diamond_shovel":1,"orcz:orcshroom":1,"minecraft:chainmail_boots":1,"comforts:sleeping_bag_white":2,"minecraft:iron_bars":7,"minecraft:arrow":21,"minecraft:enchanted_book":1,"minecraft:iron_ingot":37,"minecraft:bread":44,"minecraft:wheat_seeds":1,"minecraft:cobblestone":4,"minecraft:chainmail_helmet":1,"minecraft:stick":67,"whisperwoods:ghost_light_gold":1,"minecraft:polished_andesite_stairs":2,"minecraft:stone_sword":1,"orcz:ironscrap":1,"orcz:orcteeth":36,"minecraft:spruce_planks":42,"minecraft:diamond_pickaxe":1,"minecraft:stone_pickaxe":1,"orcz:orchorn":2},"minecraft:mined":{"minecraft:spruce_planks":2,"minecraft:stone_pressure_plate":5,"orcz:orcamanita":1,"connectedglass:borderless_glass":16,"orcz:palisadedarkoak":2,"minecraft:granite":6,"minecraft:grass_block":112,"minecraft:spawner":57,"minecraft:chiseled_stone_bricks":1,"minecraft:cobbled_deepslate":10,"minecraft:deepslate_lapis_ore":11,"minecraft:nether_brick_stairs":6,"minecraft:enchanting_table":3,"minecraft:oak_stairs":4,"minecraft:iron_bars":33,"minecraft:spruce_pressure_plate":1,"minecraft:torch":1,"minecraft:polished_andesite_stairs":4,"minecraft:chest":2,"minecraft:glass":2,"minecraft:cobblestone":1,"minecraft:grindstone":1,"minecraft:oak_planks":7,"minecraft:iron_door":4,"minecraft:wall_torch":4,"epicpaladins:deepslate_cryorium_ore":19,"minecraft:grass":181,"orcz:blue_orcshroom":1,"minecraft:oak_log":22,"minecraft:sand":97,"minecraft:dirt":295,"minecraft:oak_leaves":1,"minecraft:deepslate":196,"minecraft:tuff":5,"minecraft:light_gray_stained_glass_pane":2,"minecraft:mossy_cobblestone":1,"minecraft:deepslate_diamond_ore":28,"minecraft:oak_trapdoor":6,"minecraft:furnace":2,"minecraft:andesite":9,"minecraft:mossy_stone_brick_stairs":3,"minecraft:vine":2,"minecraft:deepslate_iron_ore":3,"minecraft:stone":179,"minecraft:soul_sand":1,"minecraft:crafting_table":19,"minecraft:tall_grass":14,"minecraft:diorite":1,"minecraft:spruce_stairs":38,"minecraft:birch_planks":1,"minecraft:bee_nest":1,"elevatorid:elevator_white":1,"minecraft:gravel":23,"minecraft:cobweb":4,"minecraft:cracked_stone_bricks":1,"minecraft:stone_bricks":23,"minecraft:polished_andesite":2},"minecraft:used":{"orcz:blue_orcshroom":1,"minecraft:iron_shovel":514,"minecraft:chest":31,"minecraft:shield":16,"minecraft:stone":69,"minecraft:iron_sword":109,"securitycraft:security_camera":2,"minecraft:soul_sand":1,"minecraft:carrot":9,"minecraft:obsidian":49,"minecraft:glass":2,"securitycraft:camera_monitor":2,"minecraft:lava_bucket":33,"minecraft:grass_block":2,"minecraft:stone_bricks":244,"minecraft:repeater":1,"minecraft:furnace":6,"securitycraft:laser_block":8,"minecraft:egg":1,"securitycraft:alarm":9,"securitycraft:door_indestructible_iron_item":13,"minecraft:stone_pickaxe":24,"minecraft:oak_planks":131,"minecraft:wooden_pickaxe":38,"minecraft:redstone_block":15,"elevatorid:elevator_white":17,"minecraft:golden_apple":4,"minecraft:golden_hoe":7,"minecraft:sand":1,"minecraft:blast_furnace":4,"securitycraft:floor_trap":4,"minecraft:sticky_piston":30,"minecraft:lever":5,"minecraft:bread":45,"minecraft:diamond_sword":511,"minecraft:fire_charge":6,"securitycraft:motion_activated_light":2,"minecraft:grindstone":1,"minecraft:cooked_rabbit":3,"minecraft:andesite":2,"minecraft:cobweb":4,"minecraft:oak_trapdoor":38,"minecraft:iron_bars":7,"minecraft:enchanting_table":2,"minecraft:stone_sword":130,"minecraft:redstone":47,"minecraft:spruce_planks":23,"securitycraft:keypad_door_item":2,"dynamictrees:oak_seed":3,"minecraft:netherrack":32,"minecraft:torch":155,"minecraft:dirt":347,"trapcraft:grass_covering":4,"securitycraft:reinforced_oak_fence_gate":2,"minecraft:anvil":1,"minecraft:white_carpet":60,"minecraft:spruce_stairs":38,"orcz:palisadedarkoak":2,"minecraft:oak_wood":8,"minecraft:oak_fence_gate":14,"minecraft:wooden_axe":1,"minecraft:iron_axe":171,"minecraft:oak_stairs":173,"connectedglass:borderless_glass":1611,"minecraft:diamond_chestplate":1,"minecraft:golden_carrot":5,"tombstone:gift":3,"comforts:sleeping_bag_white":22,"minecraft:stone_pressure_plate":2,"minecraft:cooked_beef":25,"minecraft:cobbled_deepslate":17,"minecraft:observer":11,"minecraft:water_bucket":6,"minecraft:birch_planks":24,"minecraft:baked_potato":14,"minecraft:red_nether_bricks":10,"securitycraft:panic_button":7,"securitycraft:scanner_door_item":3,"securitycraft:keypad":1,"minecraft:oak_slab":2,"minecraft:crafting_table":29,"minecraft:smoker":4,"minecraft:oak_log":342,"minecraft:diamond_pickaxe":585,"minecraft:apple":2,"minecraft:diamond_shovel":37,"minecraft:iron_pickaxe":18,"minecraft:stone_axe":16,"minecraft:cobblestone":8,"minecraft:potion":2,"minecraft:cooked_porkchop":11,"minecraft:bucket":6,"minecraft:glass_pane":58,"minecraft:stripped_oak_log":163},"minecraft:crafted":{"minecraft:grindstone":1,"minecraft:oak_planks":276,"connectedglass:borderless_glass":80,"minecraft:glass":82,"minecraft:diamond_helmet":1,"minecraft:chest":6,"minecraft:stone_bricks":80,"epicpaladins:steel_ingot":46,"minecraft:oak_slab":6,"sophisticatedbackpacks:backpack":2,"minecraft:cooked_porkchop":11,"minecraft:diamond_axe":1,"minecraft:crafting_table":11,"minecraft:wooden_pickaxe":1,"minecraft:iron_helmet":1,"minecraft:sticky_piston":1,"minecraft:birch_planks":64,"sophisticatedbackpacks:upgrade_base":1,"minecraft:iron_chestplate":1,"minecraft:diamond_pickaxe":2,"sophisticatedbackpacks:diamond_backpack":1,"minecraft:stone_slab":6,"minecraft:iron_ingot":5,"minecraft:iron_block":3,"minecraft:stone_sword":2,"sophisticatedbackpacks:advanced_pickup_upgrade":1,"minecraft:redstone":72,"comforts:sleeping_bag_white":2,"minecraft:furnace":2,"minecraft:piston":1,"minecraft:oak_trapdoor":22,"minecraft:spruce_stairs":20,"minecraft:iron_axe":1,"minecraft:stone_pickaxe":8,"minecraft:diamond_boots":1,"sophisticatedbackpacks:iron_backpack":2,"minecraft:wheat":261,"minecraft:diamond_sword":1,"elevatorid:elevator_white":4,"minecraft:iron_sword":1,"sophisticatedbackpacks:gold_backpack":2,"minecraft:stone_axe":10,"minecraft:air":0,"minecraft:bread":87,"minecraft:oak_fence_gate":10,"sophisticatedbackpacks:pickup_upgrade":1,"minecraft:white_wool":6,"minecraft:wooden_axe":1,"minecraft:oak_stairs":84,"minecraft:iron_shovel":1,"minecraft:anvil":1,"minecraft:torch":16,"minecraft:golden_hoe":1}},"DataVersion":3465}