{"stats":{"minecraft:crafted":{"minecraft:grindstone":1,"minecraft:oak_planks":272,"minecraft:redstone":72,"comforts:sleeping_bag_white":2,"minecraft:furnace":2,"minecraft:piston":1,"connectedglass:borderless_glass":80,"minecraft:oak_trapdoor":22,"minecraft:glass":82,"minecraft:spruce_stairs":20,"minecraft:iron_axe":1,"minecraft:stone_pickaxe":2,"minecraft:chest":6,"minecraft:stone_bricks":80,"sophisticatedbackpacks:iron_backpack":2,"minecraft:oak_slab":6,"sophisticatedbackpacks:backpack":2,"elevatorid:elevator_white":4,"minecraft:cooked_porkchop":11,"minecraft:crafting_table":5,"minecraft:wooden_pickaxe":1,"minecraft:iron_sword":1,"minecraft:sticky_piston":1,"sophisticatedbackpacks:gold_backpack":2,"minecraft:birch_planks":64,"minecraft:stone_axe":2,"sophisticatedbackpacks:upgrade_base":1,"minecraft:air":0,"minecraft:oak_fence_gate":10,"sophisticatedbackpacks:pickup_upgrade":1,"minecraft:white_wool":6,"minecraft:iron_chestplate":1,"sophisticatedbackpacks:diamond_backpack":1,"minecraft:stone_slab":6,"minecraft:oak_stairs":84,"minecraft:wooden_axe":1,"minecraft:stone_sword":2,"minecraft:iron_shovel":1,"sophisticatedbackpacks:advanced_pickup_upgrade":1},"minecraft:picked_up":{"minecraft:crafting_table":8,"minecraft:redstone_block":8,"minecraft:chainmail_boots":2,"minecraft:lead":2,"minecraft:oak_stairs":1,"minecraft:string":20,"minecraft:oak_trapdoor":1,"minecraft:iron_leggings":1,"minecraft:white_carpet":9,"minecraft:cracked_stone_bricks":1,"minecraft:diamond_leggings":1,"comforts:sleeping_bag_white":11,"dynamictrees:oak_seed":18,"minecraft:furnace":2,"minecraft:iron_boots":1,"minecraft:tipped_arrow":3,"minecraft:stick":144,"minecraft:stone":73,"minecraft:torch":4,"minecraft:spruce_stairs":26,"minecraft:porkchop":12,"orcz:orchorn":2,"orcz:palisadedarkoak":2,"minecraft:redstone":3,"minecraft:stone_pressure_plate":1,"minecraft:arrow":17,"minecraft:rotten_flesh":18,"orcz:orcshroom":2,"minecraft:mutton":2,"minecraft:iron_bars":18,"minecraft:white_wool":8,"minecraft:cobblestone":42,"minecraft:birch_log":16,"minecraft:leather_chestplate":1,"orcz:orcteeth":61,"minecraft:iron_door":1,"minecraft:leather":8,"minecraft:birch_planks":24,"minecraft:oak_log":214,"minecraft:gunpowder":2,"minecraft:dirt":41,"minecraft:bone":18,"minecraft:stone_bricks":6,"minecraft:bow":1,"minecraft:wheat_seeds":1,"dynamictrees:birch_seed":5,"minecraft:stone_pickaxe":1,"minecraft:polished_andesite_stairs":6,"minecraft:cooked_porkchop":1,"orcz:blue_orcshroom":5,"minecraft:sand":56,"minecraft:nether_brick_stairs":1,"minecraft:leather_helmet":3,"minecraft:polished_andesite":2,"minecraft:diamond":8,"orcz:ironscrap":2,"securitycraft:door_indestructible_iron_item":1,"minecraft:coal":5},"minecraft:dropped":{"minecraft:glass_bottle":1,"minecraft:cobblestone":4,"orcz:blue_orcshroom":2,"minecraft:chainmail_helmet":1,"minecraft:leather_helmet":3,"sophisticatedbackpacks:gold_backpack":1,"minecraft:stick":1,"minecraft:polished_andesite_stairs":2,"minecraft:bone":2,"minecraft:stone_axe":1,"minecraft:stone_sword":1,"minecraft:rotten_flesh":4,"orcz:orcshroom":1,"orcz:orcteeth":29,"minecraft:spruce_planks":3,"minecraft:chainmail_boots":1,"comforts:sleeping_bag_white":2,"minecraft:iron_bars":7,"minecraft:arrow":21,"minecraft:stone_pickaxe":1,"orcz:orchorn":1},"minecraft:custom":{"minecraft:mob_kills":95,"minecraft:interact_with_crafting_table":62,"minecraft:damage_dealt_resisted":544,"minecraft:eat_cake_slice":4,"minecraft:leave_game":7,"minecraft:time_since_death":291738,"minecraft:climb_one_cm":3124,"minecraft:sprint_one_cm":535883,"minecraft:walk_one_cm":409559,"minecraft:damage_blocked_by_shield":390,"minecraft:drop":28,"minecraft:damage_dealt_absorbed":80,"minecraft:play_time":291738,"minecraft:sneak_time":4972,"minecraft:walk_under_water_one_cm":5119,"minecraft:jump":1927,"minecraft:interact_with_blast_furnace":4,"minecraft:walk_on_water_one_cm":5277,"minecraft:total_world_time":291738,"minecraft:interact_with_furnace":49,"minecraft:interact_with_grindstone":1,"minecraft:sleep_in_bed":13,"minecraft:time_since_rest":2665,"minecraft:damage_taken":2651,"minecraft:damage_absorbed":153,"minecraft:damage_dealt":17212,"minecraft:swim_one_cm":3819,"minecraft:fly_one_cm":716304,"minecraft:open_chest":101,"minecraft:crouch_one_cm":2786,"minecraft:interact_with_smoker":5,"minecraft:fall_one_cm":55219},"minecraft:mined":{"minecraft:stone_pressure_plate":2,"minecraft:spruce_planks":2,"minecraft:light_gray_stained_glass_pane":2,"connectedglass:borderless_glass":16,"minecraft:mossy_cobblestone":1,"orcz:palisadedarkoak":2,"minecraft:granite":6,"minecraft:grass_block":112,"minecraft:chiseled_stone_bricks":1,"minecraft:spawner":25,"minecraft:oak_trapdoor":6,"minecraft:furnace":2,"minecraft:andesite":9,"minecraft:nether_brick_stairs":6,"minecraft:vine":1,"minecraft:oak_stairs":4,"minecraft:iron_bars":14,"minecraft:spruce_pressure_plate":1,"minecraft:stone":171,"minecraft:crafting_table":19,"minecraft:torch":1,"minecraft:polished_andesite_stairs":4,"minecraft:chest":1,"minecraft:glass":2,"minecraft:tall_grass":10,"minecraft:cobblestone":1,"minecraft:grindstone":1,"minecraft:oak_planks":7,"minecraft:diorite":1,"minecraft:iron_door":1,"minecraft:wall_torch":3,"minecraft:spruce_stairs":38,"minecraft:birch_planks":1,"minecraft:grass":112,"elevatorid:elevator_white":1,"minecraft:oak_log":21,"minecraft:sand":97,"minecraft:dirt":269,"minecraft:cobweb":4,"minecraft:cracked_stone_bricks":1,"minecraft:polished_andesite":2,"minecraft:stone_bricks":23,"minecraft:oak_leaves":1},"minecraft:killed":{"minecraft:cave_spider":1,"minecraft:spider":11,"minecraft:skeleton":11,"orcz:orcsavagemace":3,"orcz:orcsavageweird":1,"minecraft:pig":8,"orcz:goblinsavagemace":2,"minecraft:wandering_trader":1,"minecraft:creeper":2,"minecraft:sheep":2,"whisperwoods:zotzpyre":4,"minecraft:trader_llama":2,"minecraft:zombie":18,"orcz:bigorcboss":2,"minecraft:stray":5,"orcz:goblin_2sword":2,"orcz:orcsavage_2sword":4,"orcz:snot":9,"orcz:orcshield":5,"minecraft:enderman":1},"minecraft:broken":{"minecraft:iron_shovel":1,"minecraft:stone_sword":1,"minecraft:leather_chestplate":1},"minecraft:used":{"minecraft:oak_trapdoor":38,"minecraft:iron_bars":3,"minecraft:stone_sword":130,"minecraft:iron_shovel":514,"minecraft:redstone":47,"minecraft:chest":31,"minecraft:spruce_planks":23,"minecraft:shield":9,"minecraft:stone":69,"minecraft:iron_sword":109,"securitycraft:keypad_door_item":2,"securitycraft:security_camera":2,"dynamictrees:oak_seed":3,"minecraft:netherrack":32,"minecraft:torch":91,"trapcraft:grass_covering":4,"securitycraft:reinforced_oak_fence_gate":2,"minecraft:dirt":238,"minecraft:white_carpet":60,"minecraft:spruce_stairs":38,"orcz:palisadedarkoak":2,"minecraft:oak_wood":8,"minecraft:oak_fence_gate":14,"minecraft:obsidian":49,"minecraft:glass":2,"minecraft:wooden_axe":1,"securitycraft:camera_monitor":2,"minecraft:lava_bucket":33,"minecraft:iron_axe":160,"minecraft:grass_block":2,"minecraft:oak_stairs":173,"connectedglass:borderless_glass":1611,"minecraft:stone_bricks":243,"minecraft:repeater":1,"minecraft:furnace":6,"securitycraft:laser_block":8,"comforts:sleeping_bag_white":13,"minecraft:stone_pressure_plate":2,"minecraft:cooked_beef":12,"securitycraft:alarm":9,"minecraft:observer":11,"minecraft:water_bucket":6,"minecraft:baked_potato":5,"securitycraft:door_indestructible_iron_item":13,"minecraft:birch_planks":24,"minecraft:oak_planks":131,"minecraft:stone_pickaxe":24,"minecraft:red_nether_bricks":10,"securitycraft:panic_button":7,"minecraft:wooden_pickaxe":38,"minecraft:redstone_block":15,"securitycraft:scanner_door_item":3,"minecraft:golden_apple":4,"elevatorid:elevator_white":17,"securitycraft:keypad":1,"minecraft:sand":1,"minecraft:oak_slab":2,"minecraft:crafting_table":23,"minecraft:blast_furnace":4,"minecraft:smoker":4,"minecraft:sticky_piston":30,"securitycraft:floor_trap":4,"minecraft:oak_log":342,"minecraft:diamond_pickaxe":200,"minecraft:lever":5,"minecraft:apple":2,"minecraft:bread":5,"minecraft:iron_pickaxe":18,"minecraft:stone_axe":16,"minecraft:diamond_sword":197,"minecraft:fire_charge":6,"minecraft:potion":2,"securitycraft:motion_activated_light":2,"minecraft:grindstone":1,"minecraft:cooked_porkchop":11,"minecraft:cooked_rabbit":3,"minecraft:andesite":2,"minecraft:bucket":6,"minecraft:glass_pane":58,"minecraft:stripped_oak_log":163,"minecraft:cobweb":4}},"DataVersion":3465}