{"stats":{"minecraft:crafted":{"minecraft:cooked_porkchop":5,"minecraft:crafting_table":1,"comforts:sleeping_bag_white":2,"minecraft:wooden_pickaxe":1,"minecraft:furnace":2,"minecraft:birch_planks":64,"minecraft:stone_axe":2,"minecraft:air":0,"minecraft:stone_pickaxe":2,"minecraft:wooden_axe":1,"minecraft:stone_sword":2},"minecraft:killed":{"minecraft:pig":8,"minecraft:spider":1,"minecraft:creeper":1,"whisperwoods:zotzpyre":1,"minecraft:sheep":2,"minecraft:skeleton":2,"orcz:bigorcboss":1,"orcz:orcsavagemace":2,"orcz:orcsavage_2sword":2,"orcz:snot":3,"orcz:orcshield":2},"minecraft:used":{"minecraft:stone_sword":90,"minecraft:stone_pickaxe":16,"minecraft:shield":2,"minecraft:wooden_pickaxe":38,"minecraft:torch":4,"minecraft:dirt":5,"minecraft:crafting_table":2,"orcz:palisadedarkoak":2,"minecraft:wooden_axe":1,"minecraft:stone_axe":8,"minecraft:potion":1,"minecraft:furnace":2,"minecraft:cooked_porkchop":6,"minecraft:cooked_rabbit":3,"comforts:sleeping_bag_white":2,"minecraft:cooked_beef":1},"minecraft:picked_up":{"minecraft:birch_log":16,"minecraft:crafting_table":2,"minecraft:chainmail_boots":1,"orcz:orcteeth":29,"minecraft:birch_planks":23,"minecraft:gunpowder":2,"minecraft:string":1,"minecraft:dirt":5,"minecraft:bone":2,"minecraft:cracked_stone_bricks":1,"minecraft:wheat_seeds":1,"comforts:sleeping_bag_white":2,"dynamictrees:birch_seed":5,"minecraft:furnace":2,"minecraft:polished_andesite_stairs":3,"minecraft:stick":52,"minecraft:cooked_porkchop":1,"minecraft:torch":3,"minecraft:porkchop":12,"orcz:blue_orcshroom":2,"orcz:orchorn":1,"orcz:palisadedarkoak":2,"minecraft:polished_andesite":2,"minecraft:arrow":1,"minecraft:diamond":6,"orcz:orcshroom":1,"minecraft:mutton":2,"minecraft:iron_bars":3,"minecraft:coal":5,"minecraft:white_wool":8,"minecraft:cobblestone":33},"minecraft:mined":{"minecraft:light_gray_stained_glass_pane":2,"orcz:palisadedarkoak":2,"minecraft:crafting_table":2,"minecraft:grass_block":1,"minecraft:polished_andesite_stairs":4,"minecraft:spawner":3,"minecraft:furnace":2,"minecraft:grass":4,"minecraft:iron_bars":4,"minecraft:dirt":4,"minecraft:cracked_stone_bricks":1,"minecraft:stone":33,"minecraft:polished_andesite":2,"minecraft:oak_leaves":1},"minecraft:dropped":{"minecraft:stone_axe":1,"minecraft:stone_sword":1,"orcz:blue_orcshroom":2,"orcz:orcshroom":1,"minecraft:chainmail_helmet":1,"orcz:orcteeth":29,"minecraft:chainmail_boots":1,"comforts:sleeping_bag_white":1,"minecraft:iron_bars":3,"minecraft:stone_pickaxe":1,"orcz:orchorn":1},"minecraft:custom":{"minecraft:interact_with_furnace":17,"minecraft:mob_kills":26,"minecraft:interact_with_crafting_table":3,"minecraft:damage_dealt_resisted":184,"minecraft:eat_cake_slice":4,"minecraft:leave_game":3,"minecraft:time_since_death":32320,"minecraft:sleep_in_bed":2,"minecraft:climb_one_cm":952,"minecraft:time_since_rest":4904,"minecraft:sprint_one_cm":106859,"minecraft:damage_taken":722,"minecraft:walk_one_cm":39409,"minecraft:damage_blocked_by_shield":55,"minecraft:drop":12,"minecraft:damage_dealt":3774,"minecraft:swim_one_cm":3819,"minecraft:fly_one_cm":157128,"minecraft:open_chest":15,"minecraft:crouch_one_cm":250,"minecraft:play_time":32320,"minecraft:sneak_time":69,"minecraft:walk_under_water_one_cm":2371,"minecraft:jump":545,"minecraft:walk_on_water_one_cm":2502,"minecraft:total_world_time":32320,"minecraft:fall_one_cm":20049}},"DataVersion":3465}