{"stats":{"minecraft:crafted":{"minecraft:cooked_porkchop":5,"minecraft:crafting_table":1,"comforts:sleeping_bag_white":2,"minecraft:wooden_pickaxe":1,"minecraft:stone_pickaxe":2,"minecraft:wooden_axe":1,"minecraft:stone_sword":2,"minecraft:furnace":2,"minecraft:birch_planks":64,"minecraft:stone_axe":2,"minecraft:air":0},"minecraft:killed":{"minecraft:sheep":2,"minecraft:pig":8},"minecraft:used":{"minecraft:wooden_axe":1,"minecraft:stone_sword":18,"minecraft:stone_pickaxe":1,"minecraft:wooden_pickaxe":38,"minecraft:stone_axe":5,"minecraft:dirt":5,"minecraft:crafting_table":2,"minecraft:furnace":2,"minecraft:cooked_porkchop":2},"minecraft:picked_up":{"minecraft:birch_log":16,"minecraft:stick":52,"minecraft:crafting_table":2,"minecraft:cooked_porkchop":1,"minecraft:birch_planks":23,"minecraft:porkchop":12,"minecraft:dirt":5,"minecraft:wheat_seeds":1,"dynamictrees:birch_seed":5,"minecraft:mutton":1,"minecraft:white_wool":7,"minecraft:cobblestone":33,"minecraft:furnace":1},"minecraft:mined":{"minecraft:furnace":1,"minecraft:crafting_table":2,"minecraft:grass":2,"minecraft:grass_block":1,"minecraft:dirt":4,"minecraft:stone":33},"minecraft:dropped":{"minecraft:stone_axe":1,"minecraft:stone_sword":1,"comforts:sleeping_bag_white":1,"minecraft:stone_pickaxe":1},"minecraft:custom":{"minecraft:time_since_rest":20320,"minecraft:interact_with_furnace":16,"minecraft:sprint_one_cm":33863,"minecraft:walk_one_cm":14526,"minecraft:damage_taken":90,"minecraft:mob_kills":10,"minecraft:drop":4,"minecraft:damage_dealt":960,"minecraft:interact_with_crafting_table":3,"minecraft:fly_one_cm":108448,"minecraft:play_time":20320,"minecraft:sneak_time":5,"minecraft:walk_under_water_one_cm":2236,"minecraft:jump":300,"minecraft:leave_game":3,"minecraft:time_since_death":20320,"minecraft:walk_on_water_one_cm":677,"minecraft:climb_one_cm":952,"minecraft:total_world_time":20320,"minecraft:fall_one_cm":13132}},"DataVersion":3465}