{"stats":{"minecraft:crafted":{"minecraft:redstone":72,"comforts:sleeping_bag_white":2,"minecraft:furnace":2,"minecraft:piston":1,"minecraft:spruce_stairs":8,"minecraft:iron_axe":1,"minecraft:stone_pickaxe":2,"minecraft:chest":2,"sophisticatedbackpacks:iron_backpack":2,"sophisticatedbackpacks:backpack":2,"minecraft:cooked_porkchop":5,"minecraft:crafting_table":2,"minecraft:wooden_pickaxe":1,"minecraft:iron_sword":1,"minecraft:sticky_piston":1,"sophisticatedbackpacks:gold_backpack":2,"minecraft:birch_planks":64,"minecraft:stone_axe":2,"sophisticatedbackpacks:upgrade_base":1,"minecraft:air":0,"sophisticatedbackpacks:pickup_upgrade":1,"minecraft:iron_chestplate":1,"minecraft:wooden_axe":1,"minecraft:stone_sword":2,"sophisticatedbackpacks:advanced_pickup_upgrade":1},"minecraft:killed":{"minecraft:cave_spider":1,"minecraft:spider":11,"minecraft:skeleton":11,"orcz:orcsavagemace":2,"minecraft:pig":8,"minecraft:creeper":2,"minecraft:sheep":2,"whisperwoods:zotzpyre":4,"minecraft:zombie":18,"orcz:bigorcboss":1,"minecraft:stray":5,"orcz:orcsavage_2sword":2,"orcz:snot":3,"orcz:orcshield":2},"minecraft:used":{"minecraft:iron_bars":3,"minecraft:stone_sword":130,"minecraft:iron_shovel":143,"minecraft:spruce_planks":21,"minecraft:shield":9,"minecraft:stone":8,"minecraft:iron_sword":109,"minecraft:torch":52,"minecraft:dirt":64,"minecraft:spruce_stairs":8,"orcz:palisadedarkoak":2,"minecraft:wooden_axe":1,"minecraft:iron_axe":11,"minecraft:furnace":2,"comforts:sleeping_bag_white":5,"minecraft:cooked_beef":10,"minecraft:birch_planks":24,"minecraft:stone_pickaxe":24,"minecraft:baked_potato":4,"minecraft:wooden_pickaxe":38,"minecraft:golden_apple":1,"minecraft:crafting_table":10,"minecraft:oak_log":28,"minecraft:diamond_pickaxe":40,"minecraft:bread":3,"minecraft:iron_pickaxe":16,"minecraft:stone_axe":16,"minecraft:diamond_sword":114,"minecraft:potion":2,"minecraft:cooked_porkchop":6,"minecraft:cooked_rabbit":3,"minecraft:cobweb":4},"minecraft:picked_up":{"minecraft:crafting_table":6,"minecraft:chainmail_boots":2,"minecraft:redstone_block":8,"minecraft:string":20,"minecraft:iron_leggings":1,"minecraft:cracked_stone_bricks":1,"minecraft:diamond_leggings":1,"comforts:sleeping_bag_white":5,"minecraft:furnace":2,"minecraft:iron_boots":1,"minecraft:tipped_arrow":3,"minecraft:stick":52,"minecraft:stone":8,"minecraft:torch":4,"minecraft:porkchop":12,"orcz:orchorn":1,"orcz:palisadedarkoak":2,"minecraft:stone_pressure_plate":1,"minecraft:arrow":17,"minecraft:rotten_flesh":18,"orcz:orcshroom":1,"minecraft:mutton":2,"minecraft:iron_bars":18,"minecraft:cobblestone":42,"minecraft:white_wool":8,"minecraft:birch_log":16,"minecraft:leather_chestplate":1,"orcz:orcteeth":29,"minecraft:iron_door":1,"minecraft:leather":6,"minecraft:birch_planks":24,"minecraft:oak_log":17,"minecraft:gunpowder":2,"minecraft:dirt":13,"minecraft:bone":18,"minecraft:bow":1,"minecraft:wheat_seeds":1,"dynamictrees:birch_seed":5,"minecraft:stone_pickaxe":1,"minecraft:polished_andesite_stairs":6,"minecraft:cooked_porkchop":1,"orcz:blue_orcshroom":2,"minecraft:nether_brick_stairs":1,"minecraft:leather_helmet":3,"minecraft:polished_andesite":2,"minecraft:diamond":6,"minecraft:coal":5},"minecraft:dropped":{"minecraft:glass_bottle":1,"minecraft:cobblestone":4,"orcz:blue_orcshroom":2,"minecraft:chainmail_helmet":1,"minecraft:leather_helmet":3,"minecraft:stick":1,"sophisticatedbackpacks:gold_backpack":1,"minecraft:polished_andesite_stairs":2,"minecraft:bone":2,"minecraft:stone_axe":1,"minecraft:stone_sword":1,"minecraft:rotten_flesh":4,"orcz:orcshroom":1,"orcz:orcteeth":29,"minecraft:spruce_planks":3,"minecraft:chainmail_boots":1,"comforts:sleeping_bag_white":2,"minecraft:iron_bars":7,"minecraft:arrow":21,"minecraft:stone_pickaxe":1,"orcz:orchorn":1},"minecraft:custom":{"minecraft:mob_kills":73,"minecraft:interact_with_crafting_table":37,"minecraft:damage_dealt_resisted":184,"minecraft:eat_cake_slice":4,"minecraft:leave_game":3,"minecraft:time_since_death":80320,"minecraft:climb_one_cm":3124,"minecraft:sprint_one_cm":371200,"minecraft:walk_one_cm":135906,"minecraft:damage_blocked_by_shield":390,"minecraft:drop":28,"minecraft:play_time":80320,"minecraft:sneak_time":372,"minecraft:walk_under_water_one_cm":5119,"minecraft:jump":955,"minecraft:walk_on_water_one_cm":5034,"minecraft:total_world_time":80320,"minecraft:interact_with_furnace":17,"minecraft:sleep_in_bed":5,"minecraft:time_since_rest":2344,"minecraft:damage_taken":1817,"minecraft:damage_absorbed":40,"minecraft:damage_dealt":12825,"minecraft:swim_one_cm":3819,"minecraft:fly_one_cm":214822,"minecraft:open_chest":89,"minecraft:crouch_one_cm":691,"minecraft:fall_one_cm":28641},"minecraft:mined":{"minecraft:stone_pressure_plate":2,"minecraft:light_gray_stained_glass_pane":2,"minecraft:mossy_cobblestone":1,"orcz:palisadedarkoak":2,"minecraft:grass_block":109,"minecraft:chiseled_stone_bricks":1,"minecraft:spawner":25,"minecraft:furnace":2,"minecraft:nether_brick_stairs":6,"minecraft:vine":1,"minecraft:iron_bars":14,"minecraft:spruce_pressure_plate":1,"minecraft:stone":50,"minecraft:crafting_table":10,"minecraft:torch":1,"minecraft:polished_andesite_stairs":4,"minecraft:chest":1,"minecraft:cobblestone":1,"minecraft:iron_door":1,"minecraft:birch_planks":1,"minecraft:grass":7,"minecraft:oak_log":5,"minecraft:dirt":38,"minecraft:cobweb":4,"minecraft:cracked_stone_bricks":1,"minecraft:polished_andesite":2,"minecraft:oak_leaves":1},"minecraft:broken":{"minecraft:stone_sword":1,"minecraft:leather_chestplate":1}},"DataVersion":3465}