{"stats":{"minecraft:picked_up":{"minecraft:enchanting_table":1,"minecraft:smoker":1,"minecraft:enchanted_book":1,"minecraft:oak_log":12,"whisperwoods:ghost_light_gold":4,"minecraft:dirt":25,"minecraft:string":6,"minecraft:bone":13,"minecraft:bow":2,"minecraft:wheat_seeds":3,"comforts:sleeping_bag_white":6,"minecraft:spruce_planks":39,"minecraft:iron_ingot":51,"minecraft:poppy":2,"dynamictrees:oak_seed":4,"minecraft:glass_bottle":1,"minecraft:stick":74,"minecraft:jukebox":1,"minecraft:torch":1,"minecraft:dandelion":2,"securitycraft:camera_monitor":1,"tombstone:grave_dust":4,"minecraft:spider_eye":1,"minecraft:polished_andesite":62,"minecraft:diamond_shovel":1,"minecraft:arrow":16,"minecraft:rotten_flesh":8,"minecraft:hay_block":10,"orcz:orcshroom":1,"minecraft:iron_helmet":1,"minecraft:bread":44,"minecraft:chainmail_helmet":1,"minecraft:mutton":14,"minecraft:iron_bars":1,"minecraft:skeleton_skull":1,"minecraft:white_wool":8},"minecraft:killed":{"minecraft:zombie_villager":1,"alexsmobs:skunk":1,"minecraft:spider":4,"minecraft:sheep":8,"minecraft:skeleton":9,"minecraft:zombie":12,"minecraft:stray":1,"minecraft:silverfish":2,"orcz:snot":2},"minecraft:custom":{"minecraft:mob_kills":40,"minecraft:interact_with_crafting_table":5,"minecraft:time_since_death":71887,"minecraft:sleep_in_bed":4,"minecraft:climb_one_cm":1580,"minecraft:time_since_rest":7214,"minecraft:sprint_one_cm":212358,"minecraft:damage_taken":1621,"minecraft:walk_one_cm":291270,"minecraft:damage_blocked_by_shield":1530,"minecraft:drop":24,"minecraft:damage_dealt":6530,"minecraft:talked_to_villager":2,"minecraft:swim_one_cm":10998,"minecraft:fly_one_cm":345125,"minecraft:open_chest":70,"minecraft:crouch_one_cm":1483,"minecraft:play_time":71887,"tombstone:undead_killed":23,"minecraft:sneak_time":817,"minecraft:walk_under_water_one_cm":1995,"minecraft:jump":1310,"minecraft:walk_on_water_one_cm":10662,"minecraft:total_world_time":71887,"minecraft:fall_one_cm":33163},"minecraft:dropped":{"minecraft:enchanted_book":1,"minecraft:iron_ingot":12,"minecraft:wheat_seeds":3,"alexsmobs:animal_dictionary":1,"minecraft:glass_bottle":3,"minecraft:rotten_flesh":7,"minecraft:chainmail_helmet":1,"minecraft:polished_andesite":62,"minecraft:dirt":24,"minecraft:skeleton_skull":1,"comforts:sleeping_bag_white":1,"securitycraft:camera_monitor":1,"minecraft:dandelion":2},"minecraft:mined":{"minecraft:smoker":1,"minecraft:torch":1,"minecraft:grass_block":1,"minecraft:calcite":3,"whisperwoods:ghost_light_gold":3,"minecraft:tall_grass":10,"minecraft:amethyst_block":1,"minecraft:spawner":8,"minecraft:hay_block":10,"minecraft:jukebox":1,"minecraft:grass":24,"minecraft:iron_bars":1,"minecraft:smooth_basalt":2},"minecraft:used":{"whisperwoods:ghost_light_gold":4,"minecraft:enchanting_table":1,"minecraft:diamond_boots":1,"minecraft:poppy":2,"minecraft:shield":59,"minecraft:iron_sword":203,"minecraft:iron_chestplate":1,"minecraft:torch":1,"minecraft:dirt":1,"minecraft:mutton":14,"orcz:orcshroom":1,"minecraft:oak_log":3,"minecraft:apple":3,"minecraft:bread":28,"minecraft:iron_pickaxe":16,"minecraft:iron_helmet":1,"minecraft:iron_boots":1,"minecraft:potion":4,"tombstone:gift":2,"comforts:sleeping_bag_white":4,"minecraft:iron_leggings":1},"minecraft:crafted":{"minecraft:iron_helmet":1,"minecraft:iron_sword":1,"minecraft:bow":1,"minecraft:iron_chestplate":1,"minecraft:iron_boots":1,"minecraft:shield":1,"minecraft:iron_pickaxe":1,"minecraft:iron_leggings":1}},"DataVersion":3465}