{"stats":{"minecraft:picked_up":{"minecraft:enchanting_table":1,"minecraft:stick":74,"minecraft:jukebox":1,"securitycraft:camera_monitor":1,"minecraft:enchanted_book":1,"minecraft:oak_log":12,"tombstone:grave_dust":2,"whisperwoods:ghost_light_gold":4,"minecraft:string":2,"minecraft:dirt":20,"minecraft:polished_andesite":62,"minecraft:arrow":4,"minecraft:bone":4,"minecraft:rotten_flesh":1,"minecraft:wheat_seeds":1,"orcz:orcshroom":1,"comforts:sleeping_bag_white":4,"minecraft:spruce_planks":39,"minecraft:iron_ingot":48,"dynamictrees:oak_seed":4,"minecraft:chainmail_helmet":1,"minecraft:bread":44,"minecraft:iron_bars":1,"minecraft:skeleton_skull":1},"minecraft:killed":{"minecraft:skeleton":2,"minecraft:zombie":2,"alexsmobs:skunk":1,"minecraft:stray":1,"orcz:snot":2},"minecraft:custom":{"minecraft:time_since_rest":16805,"minecraft:sprint_one_cm":126514,"minecraft:damage_taken":696,"minecraft:walk_one_cm":143024,"minecraft:damage_blocked_by_shield":330,"minecraft:mob_kills":8,"minecraft:drop":12,"minecraft:damage_dealt":1324,"minecraft:swim_one_cm":3231,"minecraft:interact_with_crafting_table":5,"minecraft:fly_one_cm":154404,"minecraft:open_chest":28,"minecraft:crouch_one_cm":229,"minecraft:play_time":35887,"tombstone:undead_killed":5,"minecraft:sneak_time":116,"minecraft:walk_under_water_one_cm":397,"minecraft:jump":648,"minecraft:walk_on_water_one_cm":1734,"minecraft:time_since_death":35887,"minecraft:sleep_in_bed":2,"minecraft:total_world_time":35887,"minecraft:fall_one_cm":14756},"minecraft:dropped":{"minecraft:enchanted_book":1,"minecraft:iron_ingot":12,"minecraft:dirt":19,"minecraft:wheat_seeds":1,"alexsmobs:animal_dictionary":1,"minecraft:skeleton_skull":1,"comforts:sleeping_bag_white":1,"securitycraft:camera_monitor":1,"minecraft:chainmail_helmet":1,"minecraft:polished_andesite":62},"minecraft:mined":{"minecraft:jukebox":1,"minecraft:calcite":3,"minecraft:grass_block":1,"minecraft:iron_bars":1,"whisperwoods:ghost_light_gold":3,"minecraft:smooth_basalt":2,"minecraft:amethyst_block":1,"minecraft:spawner":5},"minecraft:used":{"whisperwoods:ghost_light_gold":4,"minecraft:enchanting_table":1,"minecraft:bread":16,"minecraft:iron_pickaxe":12,"minecraft:iron_helmet":1,"minecraft:shield":11,"minecraft:iron_sword":36,"minecraft:iron_boots":1,"minecraft:torch":1,"minecraft:iron_chestplate":1,"minecraft:dirt":1,"minecraft:potion":1,"orcz:orcshroom":1,"comforts:sleeping_bag_white":2,"minecraft:iron_leggings":1},"minecraft:crafted":{"minecraft:iron_boots":1,"minecraft:iron_chestplate":1,"minecraft:shield":1,"minecraft:iron_helmet":1,"minecraft:iron_pickaxe":1,"minecraft:iron_sword":1,"minecraft:iron_leggings":1}},"DataVersion":3465}