{"stats":{"minecraft:picked_up":{"minecraft:enchanting_table":1,"minecraft:stick":74,"securitycraft:camera_monitor":1,"minecraft:enchanted_book":1,"minecraft:oak_log":12,"whisperwoods:ghost_light_gold":4,"minecraft:dirt":20,"minecraft:polished_andesite":62,"minecraft:rotten_flesh":1,"minecraft:wheat_seeds":1,"orcz:orcshroom":1,"comforts:sleeping_bag_white":4,"minecraft:spruce_planks":39,"minecraft:iron_ingot":48,"dynamictrees:oak_seed":4,"minecraft:chainmail_helmet":1,"minecraft:bread":44,"minecraft:skeleton_skull":1},"minecraft:killed":{"minecraft:zombie":1,"alexsmobs:skunk":1,"orcz:snot":2},"minecraft:custom":{"minecraft:time_since_rest":4805,"minecraft:sprint_one_cm":60934,"minecraft:damage_taken":377,"minecraft:walk_one_cm":77271,"minecraft:damage_blocked_by_shield":25,"minecraft:mob_kills":4,"minecraft:drop":12,"minecraft:damage_dealt":556,"minecraft:swim_one_cm":3231,"minecraft:interact_with_crafting_table":5,"minecraft:fly_one_cm":133867,"minecraft:open_chest":9,"minecraft:crouch_one_cm":108,"minecraft:play_time":23887,"tombstone:undead_killed":1,"minecraft:sneak_time":105,"minecraft:walk_under_water_one_cm":397,"minecraft:jump":557,"minecraft:walk_on_water_one_cm":1734,"minecraft:time_since_death":23887,"minecraft:sleep_in_bed":2,"minecraft:total_world_time":23887,"minecraft:fall_one_cm":14756},"minecraft:dropped":{"minecraft:enchanted_book":1,"minecraft:iron_ingot":12,"minecraft:dirt":19,"minecraft:wheat_seeds":1,"alexsmobs:animal_dictionary":1,"minecraft:skeleton_skull":1,"comforts:sleeping_bag_white":1,"securitycraft:camera_monitor":1,"minecraft:chainmail_helmet":1,"minecraft:polished_andesite":62},"minecraft:mined":{"minecraft:grass_block":1,"whisperwoods:ghost_light_gold":3,"minecraft:spawner":1},"minecraft:used":{"whisperwoods:ghost_light_gold":4,"minecraft:enchanting_table":1,"minecraft:bread":9,"minecraft:iron_pickaxe":1,"minecraft:iron_helmet":1,"minecraft:shield":1,"minecraft:iron_sword":12,"minecraft:iron_boots":1,"minecraft:iron_chestplate":1,"minecraft:dirt":1,"orcz:orcshroom":1,"comforts:sleeping_bag_white":2,"minecraft:iron_leggings":1},"minecraft:crafted":{"minecraft:iron_boots":1,"minecraft:iron_chestplate":1,"minecraft:shield":1,"minecraft:iron_helmet":1,"minecraft:iron_pickaxe":1,"minecraft:iron_sword":1,"minecraft:iron_leggings":1}},"DataVersion":3465}