{"stats":{"minecraft:picked_up":{"minecraft:enchanting_table":1,"minecraft:stick":64,"securitycraft:camera_monitor":1,"minecraft:enchanted_book":1,"minecraft:dirt":1,"minecraft:polished_andesite":62,"orcz:orcshroom":1,"comforts:sleeping_bag_white":3,"minecraft:spruce_planks":39,"minecraft:iron_ingot":48,"minecraft:chainmail_helmet":1,"minecraft:bread":44,"minecraft:skeleton_skull":1},"minecraft:killed":{"alexsmobs:skunk":1,"orcz:snot":2},"minecraft:custom":{"minecraft:time_since_rest":6986,"minecraft:sprint_one_cm":28659,"minecraft:damage_taken":191,"minecraft:walk_one_cm":42956,"minecraft:damage_blocked_by_shield":25,"minecraft:mob_kills":3,"minecraft:drop":9,"minecraft:damage_dealt":172,"minecraft:swim_one_cm":2023,"minecraft:interact_with_crafting_table":5,"minecraft:fly_one_cm":51726,"minecraft:open_chest":6,"minecraft:crouch_one_cm":10,"minecraft:play_time":11887,"minecraft:sneak_time":70,"minecraft:walk_under_water_one_cm":311,"minecraft:jump":215,"minecraft:walk_on_water_one_cm":799,"minecraft:time_since_death":11887,"minecraft:sleep_in_bed":1,"minecraft:total_world_time":11887,"minecraft:fall_one_cm":5085},"minecraft:dropped":{"minecraft:enchanted_book":1,"minecraft:iron_ingot":12,"alexsmobs:animal_dictionary":1,"minecraft:skeleton_skull":1,"comforts:sleeping_bag_white":1,"securitycraft:camera_monitor":1,"minecraft:chainmail_helmet":1,"minecraft:polished_andesite":62},"minecraft:used":{"minecraft:enchanting_table":1,"minecraft:bread":3,"minecraft:iron_helmet":1,"minecraft:shield":1,"minecraft:iron_sword":5,"minecraft:iron_boots":1,"minecraft:iron_chestplate":1,"minecraft:dirt":1,"comforts:sleeping_bag_white":1,"minecraft:iron_leggings":1},"minecraft:crafted":{"minecraft:iron_boots":1,"minecraft:iron_chestplate":1,"minecraft:shield":1,"minecraft:iron_helmet":1,"minecraft:iron_pickaxe":1,"minecraft:iron_sword":1,"minecraft:iron_leggings":1}},"DataVersion":3465}