{"stats":{"minecraft:picked_up":{"minecraft:smithing_table":1,"minecraft:oak_stairs":1,"minecraft:enchanted_book":2,"minecraft:potion":1,"whisperwoods:ghost_light_gold":4,"minecraft:string":27,"epicpaladins:cryorium_sword":1,"minecraft:cobbled_deepslate":140,"comforts:sleeping_bag_white":8,"minecraft:spruce_planks":39,"minecraft:poppy":2,"dynamictrees:oak_seed":4,"minecraft:iron_pickaxe":1,"minecraft:enchanted_golden_apple":1,"minecraft:tipped_arrow":2,"minecraft:stick":74,"minecraft:raw_iron":23,"minecraft:jukebox":1,"minecraft:torch":46,"securitycraft:camera_monitor":1,"tombstone:grave_dust":5,"minecraft:diorite":87,"minecraft:rotten_flesh":17,"minecraft:arrow":20,"epicpaladins:cryorium_gem":4,"orcz:orcshroom":1,"minecraft:hay_block":10,"minecraft:saddle":1,"minecraft:snowball":61,"minecraft:iron_bars":1,"minecraft:mutton":14,"minecraft:skeleton_skull":1,"minecraft:white_wool":8,"minecraft:cobblestone":256,"minecraft:enchanting_table":1,"orcz:orcteeth":10,"minecraft:andesite":8,"minecraft:smoker":1,"minecraft:potato":9,"minecraft:birch_planks":5,"minecraft:flint":5,"minecraft:oak_log":12,"minecraft:gunpowder":4,"tombstone:gift":1,"minecraft:dirt":90,"minecraft:lapis_lazuli":6,"epicpaladins:cryorium_pickaxe":2,"epicpaladins:cryorium_axe":1,"minecraft:bone":32,"minecraft:bow":2,"minecraft:wheat_seeds":14,"minecraft:raw_gold":1,"minecraft:iron_ingot":52,"minecraft:glass_bottle":1,"minecraft:dandelion":2,"orcz:orcagaric":2,"minecraft:gravel":37,"orcz:blue_orcshroom":1,"minecraft:spider_eye":1,"minecraft:diamond_shovel":2,"minecraft:polished_andesite":62,"minecraft:iron_helmet":1,"minecraft:granite":37,"minecraft:golden_apple":1,"minecraft:bread":44,"minecraft:chainmail_helmet":1,"minecraft:coal":10,"minecraft:diamond_pickaxe":3},"minecraft:killed":{"minecraft:spider":6,"minecraft:skeleton":10,"minecraft:silverfish":2,"orcz:orcsavagemace":1,"minecraft:zombie_villager":1,"alexsmobs:skunk":1,"orcz:goblinsavagemace":1,"minecraft:sheep":8,"minecraft:zombie":15,"minecraft:stray":6,"orcz:snot":2,"orcz:orcsavage_2sword":2,"orcz:goblin_2sword":1,"orcz:orcshield":1},"minecraft:broken":{"minecraft:iron_sword":1,"minecraft:iron_pickaxe":2},"minecraft:custom":{"minecraft:mob_kills":58,"minecraft:interact_with_anvil":1,"minecraft:interact_with_crafting_table":5,"minecraft:leave_game":2,"minecraft:time_since_death":2541,"minecraft:climb_one_cm":1580,"minecraft:sprint_one_cm":289030,"minecraft:walk_one_cm":469231,"minecraft:damage_blocked_by_shield":1755,"minecraft:drop":48,"minecraft:talked_to_villager":2,"minecraft:play_time":142580,"minecraft:deaths":3,"minecraft:sneak_time":1463,"minecraft:walk_under_water_one_cm":34568,"minecraft:jump":2277,"minecraft:walk_on_water_one_cm":19309,"minecraft:total_world_time":142580,"minecraft:sleep_in_bed":6,"minecraft:time_since_rest":854,"minecraft:damage_taken":4026,"minecraft:damage_dealt":9352,"minecraft:swim_one_cm":10998,"minecraft:fly_one_cm":499327,"minecraft:open_chest":87,"minecraft:crouch_one_cm":2793,"tombstone:undead_killed":32,"minecraft:interact_with_smoker":5,"minecraft:fall_one_cm":62160},"minecraft:dropped":{"minecraft:enchanted_book":1,"minecraft:iron_ingot":12,"minecraft:birch_planks":5,"minecraft:wheat_seeds":12,"minecraft:lapis_lazuli":6,"minecraft:glass_bottle":3,"orcz:orcagaric":1,"minecraft:chainmail_helmet":1,"minecraft:stick":7,"minecraft:polished_andesite":62,"minecraft:dirt":31,"minecraft:snowball":20,"minecraft:white_wool":1,"minecraft:dandelion":2,"minecraft:gravel":1,"alexsmobs:animal_dictionary":1,"minecraft:rotten_flesh":16,"minecraft:skeleton_skull":1,"minecraft:spider_eye":1,"comforts:sleeping_bag_white":1,"securitycraft:camera_monitor":1},"minecraft:mined":{"epicpaladins:cryorium_ore":4,"minecraft:granite":37,"minecraft:grass_block":9,"whisperwoods:ghost_light_gold":3,"minecraft:spawner":8,"minecraft:hay_block":10,"minecraft:iron_ore":18,"minecraft:cobbled_deepslate":6,"minecraft:andesite":8,"minecraft:potatoes":12,"minecraft:deepslate_iron_ore":5,"minecraft:oak_stairs":2,"minecraft:iron_bars":1,"minecraft:packed_ice":2,"minecraft:stone":219,"minecraft:tripwire":2,"minecraft:smithing_table":1,"minecraft:smoker":1,"minecraft:torch":6,"minecraft:calcite":3,"minecraft:tall_grass":12,"minecraft:cobblestone":6,"minecraft:deepslate_gold_ore":1,"minecraft:diorite":87,"minecraft:wall_torch":40,"minecraft:amethyst_block":1,"minecraft:birch_planks":1,"orcz:orcagaric":1,"minecraft:wheat":4,"minecraft:jukebox":1,"minecraft:grass":44,"orcz:blue_orcshroom":1,"minecraft:coal_ore":10,"minecraft:gravel":40,"minecraft:dirt":42,"minecraft:smooth_basalt":2,"minecraft:deepslate":94},"minecraft:used":{"orcz:blue_orcshroom":1,"minecraft:enchanting_table":1,"epicpaladins:cryorium_pickaxe":29,"minecraft:poppy":2,"minecraft:shield":65,"minecraft:iron_sword":287,"minecraft:iron_chestplate":1,"minecraft:torch":14,"minecraft:dirt":7,"minecraft:mutton":14,"orcz:orcshroom":1,"minecraft:granite":6,"minecraft:iron_helmet":1,"minecraft:iron_boots":1,"tombstone:gift":6,"comforts:sleeping_bag_white":6,"minecraft:cobbled_deepslate":7,"minecraft:iron_leggings":1,"whisperwoods:ghost_light_gold":4,"minecraft:diamond_boots":1,"minecraft:white_wool":7,"minecraft:smoker":1,"minecraft:oak_log":3,"minecraft:apple":3,"minecraft:diamond_shovel":44,"minecraft:bread":40,"minecraft:string":2,"minecraft:iron_pickaxe":502,"minecraft:cobblestone":3,"minecraft:potion":4},"minecraft:crafted":{"minecraft:bow":1,"minecraft:iron_boots":1,"minecraft:baked_potato":48,"minecraft:iron_helmet":1,"minecraft:iron_sword":1,"minecraft:iron_chestplate":1,"minecraft:shield":1,"minecraft:iron_pickaxe":1,"minecraft:iron_leggings":1}},"DataVersion":3465}