{"stats":{"minecraft:picked_up":{"minecraft:iron_chestplate":1,"minecraft:smithing_table":1,"minecraft:oak_stairs":1,"minecraft:potion":1,"minecraft:enchanted_book":2,"tombstone:grave_key":1,"whisperwoods:ghost_light_gold":4,"minecraft:string":27,"minecraft:blackstone":34,"minecraft:gold_nugget":64,"minecraft:diamond_leggings":1,"epicpaladins:cryorium_sword":2,"minecraft:cobbled_deepslate":141,"comforts:sleeping_bag_white":8,"minecraft:spruce_planks":39,"minecraft:ender_eye":10,"minecraft:poppy":2,"dynamictrees:oak_seed":4,"minecraft:iron_pickaxe":1,"minecraft:enchanted_golden_apple":1,"minecraft:tipped_arrow":2,"minecraft:stick":74,"minecraft:raw_iron":23,"minecraft:end_stone":23,"minecraft:jukebox":1,"minecraft:torch":46,"securitycraft:camera_monitor":1,"tombstone:grave_dust":5,"minecraft:diorite":87,"minecraft:diamond_chestplate":1,"minecraft:rotten_flesh":21,"minecraft:arrow":26,"epicpaladins:cryorium_gem":4,"orcz:orcshroom":1,"minecraft:hay_block":10,"minecraft:totem_of_undying":1,"minecraft:saddle":1,"minecraft:snowball":61,"minecraft:iron_bars":1,"minecraft:mutton":14,"minecraft:skeleton_skull":1,"minecraft:white_wool":8,"minecraft:cobblestone":311,"minecraft:enchanting_table":1,"minecraft:basalt":37,"orcz:orcteeth":15,"minecraft:andesite":10,"minecraft:smoker":1,"minecraft:potato":9,"minecraft:birch_planks":5,"minecraft:flint":5,"minecraft:tuff":1,"minecraft:oak_log":12,"minecraft:gunpowder":4,"minecraft:blue_bed":11,"tombstone:gift":1,"minecraft:dirt":102,"minecraft:lapis_lazuli":6,"epicpaladins:cryorium_pickaxe":2,"epicpaladins:cryorium_axe":1,"minecraft:bone":32,"minecraft:stone_bricks":7,"minecraft:bow":2,"minecraft:wheat_seeds":15,"minecraft:raw_gold":1,"tombstone:receptacle_of_familiar":1,"minecraft:iron_ingot":52,"minecraft:glass_bottle":1,"minecraft:smooth_basalt":29,"orcz:skullwandorc":1,"minecraft:quartz":32,"minecraft:dandelion":2,"orcz:orcagaric":2,"minecraft:gravel":37,"orcz:blue_orcshroom":2,"minecraft:spider_eye":3,"minecraft:diamond_shovel":2,"minecraft:polished_andesite":62,"minecraft:chainmail_leggings":1,"minecraft:iron_helmet":2,"minecraft:granite":37,"minecraft:golden_apple":1,"minecraft:emerald":3,"minecraft:bread":44,"minecraft:chainmail_helmet":1,"minecraft:netherrack":826,"minecraft:coal":10,"minecraft:diamond_pickaxe":3},"minecraft:killed_by":{"minecraft:player":3,"minecraft:vex":1},"minecraft:killed":{"minecraft:evoker":1,"minecraft:spider":6,"minecraft:skeleton":10,"minecraft:silverfish":2,"orcz:orcsavagemace":1,"minecraft:zombie_villager":1,"alexsmobs:skunk":1,"orcz:goblinsavagemace":2,"minecraft:sheep":8,"minecraft:pillager":2,"alexsmobs:crocodile":1,"minecraft:zombie":15,"minecraft:stray":6,"orcz:snot":2,"orcz:orcsavage_2sword":2,"orcz:goblin_2sword":1,"orcz:orcshield":1,"minecraft:enderman":1},"minecraft:broken":{"minecraft:iron_sword":1,"minecraft:iron_pickaxe":2},"minecraft:custom":{"minecraft:mob_kills":65,"minecraft:interact_with_anvil":1,"minecraft:interact_with_crafting_table":5,"minecraft:leave_game":3,"minecraft:time_since_death":902,"minecraft:climb_one_cm":1580,"minecraft:sprint_one_cm":363173,"minecraft:walk_one_cm":611356,"minecraft:damage_blocked_by_shield":1755,"minecraft:drop":506,"minecraft:talked_to_villager":2,"minecraft:play_time":187555,"minecraft:deaths":10,"minecraft:sneak_time":2008,"minecraft:walk_under_water_one_cm":42504,"minecraft:jump":3398,"minecraft:interact_with_blast_furnace":5,"minecraft:walk_on_water_one_cm":24400,"minecraft:total_world_time":187555,"minecraft:sleep_in_bed":7,"minecraft:time_since_rest":1,"minecraft:damage_absorbed":80,"minecraft:damage_taken":8055,"minecraft:damage_dealt":11684,"minecraft:swim_one_cm":16731,"minecraft:fly_one_cm":700702,"minecraft:open_chest":100,"minecraft:crouch_one_cm":4607,"tombstone:undead_killed":32,"minecraft:interact_with_smoker":7,"minecraft:fall_one_cm":98400},"minecraft:dropped":{"minecraft:enchanted_book":1,"minecraft:iron_ingot":12,"minecraft:birch_planks":5,"minecraft:wheat_seeds":12,"epicpaladins:cryorium_axe":1,"minecraft:lapis_lazuli":6,"minecraft:glass_bottle":3,"minecraft:cobblestone":3,"orcz:orcagaric":1,"minecraft:chainmail_helmet":1,"minecraft:stick":7,"minecraft:polished_andesite":62,"minecraft:dirt":31,"tombstone:receptacle_of_familiar":1,"tombstone:grave_key":2,"minecraft:snowball":20,"minecraft:chainmail_leggings":1,"minecraft:white_wool":1,"minecraft:blue_bed":5,"minecraft:dandelion":2,"minecraft:gravel":1,"minecraft:blackstone":17,"minecraft:cobbled_deepslate":1,"alexsmobs:animal_dictionary":1,"minecraft:rotten_flesh":18,"epicpaladins:cryorium_sword":1,"orcz:orcteeth":4,"minecraft:skeleton_skull":1,"minecraft:iron_chestplate":1,"minecraft:spider_eye":1,"comforts:sleeping_bag_white":1,"securitycraft:camera_monitor":1,"minecraft:netherrack":698},"minecraft:mined":{"minecraft:tuff":1,"epicpaladins:cryorium_ore":4,"minecraft:end_stone":23,"minecraft:granite":37,"minecraft:grass_block":15,"whisperwoods:ghost_light_gold":3,"minecraft:spawner":8,"minecraft:hay_block":10,"minecraft:iron_ore":18,"minecraft:cobbled_deepslate":6,"minecraft:andesite":10,"minecraft:potatoes":12,"minecraft:deepslate_iron_ore":5,"minecraft:oak_stairs":2,"minecraft:iron_bars":2,"minecraft:packed_ice":2,"minecraft:stone":237,"minecraft:tripwire":2,"minecraft:smithing_table":1,"minecraft:smoker":1,"minecraft:basalt":37,"minecraft:torch":6,"minecraft:calcite":3,"minecraft:tall_grass":12,"minecraft:cobblestone":40,"minecraft:deepslate_gold_ore":1,"minecraft:diorite":87,"minecraft:blue_bed":1,"minecraft:wall_torch":40,"minecraft:amethyst_block":1,"minecraft:birch_planks":1,"orcz:orcagaric":1,"minecraft:wheat":4,"minecraft:jukebox":1,"minecraft:grass":45,"orcz:blue_orcshroom":1,"minecraft:coal_ore":10,"minecraft:gravel":40,"minecraft:dirt":42,"minecraft:smooth_basalt":32,"minecraft:stone_bricks":7,"minecraft:deepslate":94},"minecraft:used":{"orcz:blue_orcshroom":1,"minecraft:enchanting_table":1,"epicpaladins:cryorium_pickaxe":182,"minecraft:poppy":2,"minecraft:shield":65,"minecraft:iron_sword":287,"orcz:skullwandorc":8,"minecraft:iron_chestplate":2,"minecraft:torch":14,"minecraft:dirt":8,"minecraft:mutton":14,"orcz:orcshroom":1,"minecraft:tuff":1,"minecraft:granite":6,"minecraft:iron_helmet":3,"minecraft:iron_boots":1,"minecraft:totem_of_undying":1,"minecraft:stone_bricks":7,"minecraft:smooth_basalt":1,"minecraft:basalt":17,"minecraft:diamond_chestplate":1,"tombstone:gift":8,"comforts:sleeping_bag_white":6,"minecraft:cooked_beef":11,"minecraft:cobbled_deepslate":8,"minecraft:iron_leggings":1,"epicpaladins:cryorium_sword":53,"whisperwoods:ghost_light_gold":4,"minecraft:diamond_boots":1,"minecraft:blackstone":17,"minecraft:blue_bed":1,"epicpaladins:cryorium_axe":9,"minecraft:white_wool":7,"minecraft:end_stone":20,"minecraft:smoker":1,"minecraft:oak_log":3,"minecraft:ender_eye":9,"minecraft:apple":7,"minecraft:diamond_shovel":44,"minecraft:bread":40,"minecraft:string":2,"minecraft:iron_pickaxe":502,"minecraft:cobblestone":38,"minecraft:potion":4,"minecraft:andesite":1,"minecraft:diamond_leggings":1},"minecraft:crafted":{"minecraft:bow":1,"minecraft:iron_boots":1,"minecraft:cooked_beef":13,"minecraft:baked_potato":48,"minecraft:iron_helmet":1,"minecraft:iron_sword":1,"minecraft:air":0,"minecraft:iron_chestplate":1,"minecraft:shield":1,"minecraft:iron_pickaxe":1,"minecraft:iron_leggings":1}},"DataVersion":3465}