{"stats":{"minecraft:killed_by":{"minecraft:zombie":2,"orcz:orcshield":1},"minecraft:crafted":{"minecraft:crafting_table":1,"minecraft:wooden_pickaxe":1,"minecraft:birch_planks":16,"minecraft:cooked_mutton":10,"minecraft:air":0,"minecraft:stick":8,"minecraft:iron_ingot":3,"minecraft:iron_pickaxe":1,"minecraft:wooden_axe":1},"minecraft:killed":{"minecraft:cave_spider":2,"minecraft:pig":1,"minecraft:spider":4,"minecraft:skeleton":6,"minecraft:sheep":7,"minecraft:zombie":15,"minecraft:stray":3,"orcz:snot":2,"minecraft:cow":15},"minecraft:used":{"minecraft:cooked_mutton":10,"minecraft:stone_sword":116,"minecraft:polished_andesite":2,"minecraft:birch_planks":2,"minecraft:stone_pickaxe":5,"minecraft:baked_potato":4,"minecraft:shield":5,"minecraft:iron_sword":118,"minecraft:torch":5,"minecraft:mossy_cobblestone":9,"minecraft:crafting_table":1,"minecraft:wooden_axe":5,"minecraft:iron_pickaxe":51,"minecraft:stone_axe":17,"minecraft:potion":2,"minecraft:furnace":1,"minecraft:porkchop":1,"minecraft:egg":5,"comforts:sleeping_bag_white":2,"minecraft:cooked_beef":5},"minecraft:picked_up":{"minecraft:wooden_axe":1,"minecraft:birch_log":97,"minecraft:enchanting_table":2,"minecraft:iron_chestplate":1,"minecraft:crafting_table":2,"minecraft:redstone_block":8,"minecraft:cooked_beef":8,"minecraft:chainmail_boots":2,"minecraft:iron_door":1,"minecraft:leather":15,"minecraft:golden_leggings":1,"minecraft:wooden_pickaxe":1,"minecraft:golden_shovel":1,"minecraft:birch_planks":38,"minecraft:enchanted_book":1,"minecraft:oak_log":12,"minecraft:chainmail_chestplate":1,"minecraft:golden_boots":2,"minecraft:shield":1,"minecraft:gunpowder":1,"minecraft:string":13,"minecraft:name_tag":1,"minecraft:leather_boots":6,"minecraft:cooked_mutton":16,"minecraft:bone":8,"minecraft:bow":1,"minecraft:cracked_stone_bricks":2,"minecraft:spruce_planks":63,"comforts:sleeping_bag_white":5,"minecraft:stone_pickaxe":2,"minecraft:beef":62,"minecraft:iron_ingot":21,"dynamictrees:birch_seed":7,"minecraft:glass_bottle":1,"minecraft:iron_pickaxe":2,"minecraft:sugar_cane":104,"minecraft:iron_sword":1,"minecraft:furnace":4,"minecraft:book":39,"minecraft:polished_andesite_stairs":3,"minecraft:stick":118,"minecraft:raw_iron":4,"minecraft:torch":11,"minecraft:porkchop":1,"orcz:blue_orcshroom":2,"orcz:orcamanita":1,"minecraft:nether_brick_stairs":4,"minecraft:stone_pressure_plate":2,"minecraft:mossy_cobblestone":6,"minecraft:spider_eye":2,"alexsmobs:animal_dictionary":1,"minecraft:polished_andesite":92,"minecraft:stone_sword":3,"minecraft:arrow":28,"minecraft:diamond_chestplate":2,"minecraft:rotten_flesh":31,"minecraft:stone_axe":3,"minecraft:hay_block":25,"minecraft:iron_helmet":2,"minecraft:golden_apple":2,"minecraft:chainmail_helmet":2,"minecraft:emerald":6,"minecraft:baked_potato":1,"minecraft:mutton":10,"minecraft:iron_bars":13,"minecraft:coal":13,"minecraft:white_wool":8,"minecraft:cobblestone":8},"minecraft:mined":{"minecraft:redstone_block":8,"minecraft:mossy_cobblestone":1,"minecraft:crafting_table":1,"minecraft:torch":1,"minecraft:emerald_ore":2,"minecraft:cobblestone":2,"minecraft:sugar_cane":14,"minecraft:iron_door":1,"minecraft:spawner":13,"minecraft:hay_block":25,"minecraft:furnace":2,"minecraft:iron_ore":4,"minecraft:nether_brick_stairs":4,"minecraft:enchanting_table":1,"minecraft:grass":3,"minecraft:bookshelf":13,"minecraft:iron_bars":8,"minecraft:cracked_stone_bricks":2,"minecraft:stone":3,"minecraft:polished_andesite":2},"minecraft:custom":{"minecraft:interact_with_furnace":21,"minecraft:mob_kills":56,"minecraft:interact_with_crafting_table":2,"minecraft:eat_cake_slice":3,"minecraft:leave_game":1,"minecraft:time_since_death":23659,"minecraft:sleep_in_bed":2,"minecraft:climb_one_cm":1890,"minecraft:time_since_rest":3528,"minecraft:sprint_one_cm":350264,"minecraft:damage_taken":1854,"minecraft:walk_one_cm":191365,"minecraft:damage_blocked_by_shield":270,"minecraft:drop":59,"minecraft:damage_dealt":7388,"minecraft:swim_one_cm":1590,"minecraft:fly_one_cm":120920,"minecraft:open_chest":65,"minecraft:crouch_one_cm":307,"minecraft:play_time":59754,"minecraft:deaths":3,"minecraft:sneak_time":288,"minecraft:walk_under_water_one_cm":232,"minecraft:jump":718,"minecraft:walk_on_water_one_cm":5309,"minecraft:total_world_time":59754,"minecraft:fall_one_cm":21957},"minecraft:dropped":{"minecraft:golden_boots":1,"minecraft:stone_sword":1,"minecraft:oak_log":9,"dynamictrees:birch_seed":5,"minecraft:glass_bottle":1,"minecraft:mossy_cobblestone":6,"minecraft:ender_pearl":1,"minecraft:crafting_table":1,"minecraft:iron_helmet":1,"minecraft:cobblestone":2,"minecraft:rotten_flesh":4,"orcz:orcamanita":1,"orcz:blue_orcshroom":2,"minecraft:leather":9,"minecraft:cracked_stone_bricks":2,"minecraft:coal":9,"minecraft:leather_helmet":1,"minecraft:torch":1,"minecraft:iron_chestplate":1,"minecraft:wooden_axe":2,"minecraft:iron_door":1,"minecraft:leather_boots":5,"minecraft:chainmail_boots":1,"minecraft:bow":1,"minecraft:stone_pressure_plate":2,"minecraft:spider_eye":1,"minecraft:polished_andesite_stairs":3,"minecraft:iron_bars":13,"minecraft:arrow":2,"minecraft:stone_pickaxe":1,"minecraft:wooden_pickaxe":2,"minecraft:string":11,"minecraft:white_wool":7,"minecraft:redstone_block":8,"minecraft:bone":8}},"DataVersion":3465}