{"stats":{"minecraft:picked_up":{"minecraft:wooden_axe":1,"sophisticatedbackpacks:gold_backpack":1,"minecraft:crafting_table":3,"minecraft:iron_chestplate":1,"minecraft:redstone_block":8,"minecraft:chainmail_boots":2,"minecraft:wooden_pickaxe":1,"minecraft:gold_block":1,"minecraft:enchanted_book":2,"minecraft:golden_shovel":1,"whisperwoods:ghost_light_gold":1,"minecraft:shield":1,"minecraft:amethyst_block":1,"minecraft:string":13,"epicpaladins:bloodstone_gem":4,"minecraft:cracked_stone_bricks":2,"minecraft:cobbled_deepslate":40,"comforts:sleeping_bag_white":7,"minecraft:spruce_planks":63,"minecraft:beef":62,"minecraft:iron_pickaxe":2,"minecraft:coal_block":1,"minecraft:sugar_cane":104,"minecraft:furnace":4,"minecraft:stick":119,"minecraft:raw_iron":23,"epicpaladins:arclight_gem":12,"minecraft:torch":13,"minecraft:porkchop":1,"orcz:orchorn":1,"minecraft:pointed_dripstone":11,"tombstone:grave_dust":3,"minecraft:stone_pressure_plate":2,"minecraft:rotten_flesh":38,"minecraft:stone_sword":3,"minecraft:arrow":31,"minecraft:diamond_chestplate":2,"epicpaladins:cryorium_gem":4,"minecraft:nether_bricks":1,"minecraft:hay_block":59,"minecraft:mutton":12,"minecraft:iron_bars":17,"minecraft:skeleton_skull":1,"minecraft:white_wool":8,"minecraft:cobblestone":11,"minecraft:birch_log":97,"minecraft:enchanting_table":2,"orcz:orcteeth":24,"minecraft:cooked_beef":8,"minecraft:basalt":4,"minecraft:iron_door":1,"minecraft:leather":15,"minecraft:golden_leggings":1,"minecraft:birch_planks":38,"minecraft:tuff":22,"minecraft:oak_log":12,"minecraft:chainmail_chestplate":1,"minecraft:golden_boots":2,"minecraft:gunpowder":3,"minecraft:name_tag":1,"minecraft:leather_boots":6,"minecraft:cooked_mutton":16,"minecraft:bone":15,"minecraft:stone_bricks":1,"minecraft:bow":1,"minecraft:raw_gold":10,"dynamictrees:birch_seed":7,"minecraft:iron_ingot":22,"minecraft:stone_pickaxe":2,"minecraft:glass_bottle":1,"minecraft:soul_sand":1,"minecraft:iron_sword":1,"minecraft:book":39,"minecraft:polished_andesite_stairs":3,"minecraft:oak_slab":1,"minecraft:dandelion":2,"minecraft:dripstone_block":10,"orcz:blue_orcshroom":2,"orcz:orcamanita":1,"minecraft:nether_brick_stairs":4,"minecraft:spider_eye":2,"alexsmobs:animal_dictionary":1,"minecraft:mossy_cobblestone":6,"minecraft:polished_andesite":92,"minecraft:diamond":36,"minecraft:stone_axe":3,"minecraft:iron_helmet":2,"minecraft:golden_apple":2,"minecraft:emerald":6,"minecraft:chainmail_helmet":2,"minecraft:baked_potato":1,"minecraft:chorus_fruit":1,"minecraft:coal":33},"minecraft:killed_by":{"minecraft:player":1,"minecraft:zombie":2,"orcz:orcshield":1},"minecraft:killed":{"minecraft:cave_spider":2,"minecraft:spider":5,"minecraft:skeleton":11,"orcz:goblinsavagebomb":1,"orcz:orcsavagemace":1,"minecraft:pig":1,"minecraft:sheep":8,"whisperwoods:zotzpyre":2,"minecraft:zombie":29,"orcz:bigorcboss":1,"minecraft:stray":3,"whisperwoods:moth":1,"orcz:orcsavage_2sword":2,"orcz:snot":2,"orcz:orcshield":1,"minecraft:enderman":2,"minecraft:cow":15},"minecraft:broken":{"minecraft:golden_boots":1,"minecraft:golden_leggings":1},"minecraft:custom":{"minecraft:interact_with_anvil":4,"minecraft:mob_kills":89,"minecraft:interact_with_crafting_table":4,"minecraft:damage_dealt_resisted":148,"minecraft:eat_cake_slice":3,"minecraft:leave_game":3,"minecraft:time_since_death":20216,"minecraft:climb_one_cm":2042,"minecraft:sprint_one_cm":615906,"minecraft:walk_one_cm":462597,"minecraft:damage_blocked_by_shield":850,"minecraft:drop":81,"minecraft:play_time":171145,"minecraft:sneak_time":1964,"minecraft:deaths":5,"minecraft:walk_under_water_one_cm":4830,"tombstone:tomb_raiding":1,"minecraft:jump":2523,"minecraft:interact_with_blast_furnace":5,"minecraft:walk_on_water_one_cm":14496,"minecraft:total_world_time":171145,"minecraft:interact_with_furnace":21,"minecraft:sleep_in_bed":4,"minecraft:time_since_rest":19991,"minecraft:damage_taken":5952,"minecraft:damage_dealt":15647,"minecraft:swim_one_cm":3804,"minecraft:fly_one_cm":350638,"minecraft:open_chest":96,"minecraft:crouch_one_cm":2490,"tombstone:undead_killed":11,"minecraft:fall_one_cm":95930},"minecraft:dropped":{"minecraft:golden_boots":1,"minecraft:oak_log":9,"dynamictrees:birch_seed":5,"minecraft:glass_bottle":1,"minecraft:mossy_cobblestone":6,"minecraft:ender_pearl":1,"minecraft:crafting_table":1,"minecraft:iron_helmet":1,"minecraft:cobblestone":8,"orcz:blue_orcshroom":2,"minecraft:amethyst_block":1,"minecraft:leather":9,"minecraft:cracked_stone_bricks":2,"minecraft:coal":9,"minecraft:leather_helmet":1,"minecraft:coal_block":1,"minecraft:stick":1,"minecraft:torch":2,"minecraft:mutton":2,"minecraft:wooden_axe":2,"minecraft:iron_door":1,"tombstone:grave_dust":3,"minecraft:polished_andesite_stairs":3,"minecraft:iron_axe":1,"minecraft:string":11,"minecraft:white_wool":7,"minecraft:bone":8,"minecraft:redstone_block":8,"minecraft:stone_axe":1,"minecraft:stone_sword":1,"minecraft:tuff":7,"minecraft:rotten_flesh":6,"orcz:orcamanita":1,"minecraft:chainmail_chestplate":1,"minecraft:diamond_sword":1,"minecraft:gunpowder":2,"minecraft:diamond_chestplate":1,"minecraft:iron_chestplate":1,"minecraft:leather_boots":5,"minecraft:chainmail_boots":2,"minecraft:stone_pressure_plate":2,"minecraft:spider_eye":1,"minecraft:bow":1,"minecraft:basalt":4,"minecraft:iron_bars":13,"minecraft:arrow":2,"minecraft:stone_pickaxe":1,"minecraft:wooden_pickaxe":2,"orcz:orchorn":1},"minecraft:mined":{"minecraft:tuff":19,"minecraft:mossy_cobblestone":1,"orcz:orcsymbolred":1,"minecraft:deepslate_diamond_ore":32,"minecraft:nether_bricks":1,"whisperwoods:ghost_light_gold":1,"minecraft:coal_block":2,"minecraft:spawner":18,"epicpaladins:deepslate_arclight_ore":12,"minecraft:hay_block":60,"minecraft:furnace":2,"minecraft:iron_ore":12,"minecraft:cobbled_deepslate":1,"minecraft:nether_brick_stairs":4,"minecraft:enchanting_table":1,"minecraft:bookshelf":13,"minecraft:deepslate_iron_ore":11,"minecraft:iron_bars":13,"minecraft:stone":4,"minecraft:oak_slab":1,"minecraft:redstone_block":8,"minecraft:soul_sand":1,"epicpaladins:deepslate_bloodstone_ore":4,"minecraft:basalt":5,"minecraft:crafting_table":2,"minecraft:torch":2,"minecraft:emerald_ore":2,"minecraft:cobblestone":2,"minecraft:deepslate_gold_ore":10,"minecraft:sugar_cane":14,"minecraft:iron_door":1,"minecraft:amethyst_block":1,"minecraft:skeleton_skull":1,"epicpaladins:deepslate_cryorium_ore":4,"minecraft:grass":6,"minecraft:coal_ore":21,"minecraft:dripstone_block":1,"minecraft:cracked_stone_bricks":2,"minecraft:polished_andesite":2,"minecraft:stone_bricks":2,"minecraft:deepslate":39},"minecraft:used":{"minecraft:stone_sword":116,"minecraft:shield":20,"minecraft:iron_sword":297,"minecraft:torch":32,"minecraft:tuff":15,"minecraft:nether_brick_stairs":4,"minecraft:wooden_axe":5,"minecraft:iron_axe":1,"minecraft:stone_bricks":1,"minecraft:diamond_chestplate":1,"minecraft:furnace":1,"tombstone:gift":3,"minecraft:egg":5,"comforts:sleeping_bag_white":4,"minecraft:cooked_beef":16,"minecraft:cobbled_deepslate":31,"whisperwoods:ghost_light_gold":1,"minecraft:cooked_mutton":10,"minecraft:birch_planks":2,"minecraft:stone_pickaxe":5,"minecraft:polished_andesite":30,"minecraft:baked_potato":4,"minecraft:mossy_cobblestone":9,"minecraft:oak_slab":1,"minecraft:crafting_table":2,"minecraft:dripstone_block":10,"minecraft:bread":35,"minecraft:iron_pickaxe":248,"minecraft:stone_axe":20,"minecraft:cobblestone":2,"minecraft:potion":3,"minecraft:porkchop":1},"minecraft:crafted":{"minecraft:cooked_mutton":10,"minecraft:diamond_helmet":1,"minecraft:diamond_leggings":1,"minecraft:diamond_boots":1,"minecraft:wheat":270,"minecraft:crafting_table":2,"minecraft:wooden_pickaxe":1,"minecraft:birch_planks":16,"minecraft:bread":90,"minecraft:air":0,"minecraft:stick":8,"minecraft:iron_ingot":15,"minecraft:iron_pickaxe":1,"minecraft:wooden_axe":1}},"DataVersion":3465}