{"stats":{"minecraft:killed_by":{"minecraft:zombie":2,"orcz:orcshield":1},"minecraft:crafted":{"minecraft:cooked_mutton":10,"minecraft:crafting_table":1,"minecraft:wooden_pickaxe":1,"minecraft:birch_planks":16,"minecraft:air":0,"minecraft:stick":8,"minecraft:iron_pickaxe":1,"minecraft:iron_ingot":3,"minecraft:wooden_axe":1},"minecraft:killed":{"minecraft:cave_spider":2,"minecraft:spider":4,"minecraft:skeleton":6,"minecraft:pig":1,"whisperwoods:zotzpyre":1,"minecraft:sheep":8,"minecraft:zombie":23,"minecraft:stray":3,"whisperwoods:moth":1,"orcz:snot":2,"minecraft:cow":15},"minecraft:used":{"minecraft:stone_sword":116,"minecraft:shield":10,"minecraft:iron_sword":150,"minecraft:torch":5,"minecraft:tuff":12,"minecraft:nether_brick_stairs":4,"minecraft:wooden_axe":5,"minecraft:diamond_chestplate":1,"minecraft:furnace":1,"comforts:sleeping_bag_white":4,"minecraft:egg":5,"minecraft:cooked_beef":9,"minecraft:cooked_mutton":10,"minecraft:birch_planks":2,"minecraft:stone_pickaxe":5,"minecraft:polished_andesite":30,"minecraft:baked_potato":4,"minecraft:mossy_cobblestone":9,"minecraft:oak_slab":1,"minecraft:crafting_table":1,"minecraft:iron_pickaxe":149,"minecraft:stone_axe":18,"minecraft:potion":2,"minecraft:porkchop":1},"minecraft:picked_up":{"minecraft:wooden_axe":1,"sophisticatedbackpacks:gold_backpack":1,"minecraft:crafting_table":2,"minecraft:iron_chestplate":1,"minecraft:chainmail_boots":2,"minecraft:redstone_block":8,"minecraft:wooden_pickaxe":1,"minecraft:enchanted_book":1,"minecraft:golden_shovel":1,"minecraft:shield":1,"minecraft:string":13,"epicpaladins:bloodstone_gem":4,"minecraft:cracked_stone_bricks":2,"minecraft:cobbled_deepslate":25,"comforts:sleeping_bag_white":7,"minecraft:spruce_planks":63,"minecraft:beef":62,"minecraft:iron_pickaxe":2,"minecraft:coal_block":1,"minecraft:sugar_cane":104,"minecraft:furnace":4,"minecraft:raw_iron":11,"minecraft:stick":119,"epicpaladins:arclight_gem":12,"minecraft:torch":11,"minecraft:porkchop":1,"minecraft:stone_pressure_plate":2,"epicpaladins:cryorium_gem":4,"minecraft:stone_sword":3,"minecraft:arrow":28,"minecraft:rotten_flesh":33,"minecraft:diamond_chestplate":2,"minecraft:hay_block":30,"minecraft:mutton":12,"minecraft:iron_bars":13,"minecraft:white_wool":8,"minecraft:cobblestone":8,"minecraft:birch_log":97,"minecraft:enchanting_table":2,"minecraft:basalt":4,"minecraft:cooked_beef":8,"minecraft:iron_door":1,"minecraft:leather":15,"minecraft:golden_leggings":1,"minecraft:birch_planks":38,"minecraft:tuff":19,"minecraft:oak_log":12,"minecraft:chainmail_chestplate":1,"minecraft:golden_boots":2,"minecraft:gunpowder":3,"minecraft:name_tag":1,"minecraft:cooked_mutton":16,"minecraft:leather_boots":6,"minecraft:bone":8,"minecraft:bow":1,"dynamictrees:birch_seed":7,"minecraft:iron_ingot":21,"minecraft:stone_pickaxe":2,"minecraft:glass_bottle":1,"minecraft:iron_sword":1,"minecraft:book":39,"minecraft:oak_slab":1,"minecraft:polished_andesite_stairs":3,"orcz:blue_orcshroom":2,"orcz:orcamanita":1,"minecraft:nether_brick_stairs":4,"alexsmobs:animal_dictionary":1,"minecraft:spider_eye":2,"minecraft:mossy_cobblestone":6,"minecraft:polished_andesite":92,"minecraft:diamond":2,"minecraft:stone_axe":3,"minecraft:iron_helmet":2,"minecraft:golden_apple":2,"minecraft:emerald":6,"minecraft:chainmail_helmet":2,"minecraft:baked_potato":1,"minecraft:coal":33},"minecraft:custom":{"minecraft:mob_kills":67,"minecraft:interact_with_crafting_table":2,"minecraft:eat_cake_slice":3,"minecraft:leave_game":1,"minecraft:time_since_death":71659,"minecraft:climb_one_cm":1890,"minecraft:sprint_one_cm":433870,"minecraft:walk_one_cm":262552,"minecraft:damage_blocked_by_shield":475,"minecraft:drop":59,"minecraft:play_time":107754,"minecraft:deaths":3,"minecraft:sneak_time":939,"minecraft:walk_under_water_one_cm":1149,"minecraft:jump":1201,"minecraft:walk_on_water_one_cm":9636,"minecraft:total_world_time":107754,"minecraft:interact_with_furnace":21,"minecraft:sleep_in_bed":4,"minecraft:time_since_rest":695,"minecraft:damage_taken":2346,"minecraft:damage_dealt":9235,"minecraft:fly_one_cm":198811,"minecraft:swim_one_cm":1590,"minecraft:open_chest":67,"minecraft:crouch_one_cm":1901,"minecraft:fall_one_cm":40546},"minecraft:mined":{"minecraft:tuff":16,"minecraft:mossy_cobblestone":1,"minecraft:deepslate_diamond_ore":2,"minecraft:coal_block":2,"minecraft:spawner":13,"epicpaladins:deepslate_arclight_ore":12,"minecraft:hay_block":30,"minecraft:furnace":2,"minecraft:iron_ore":9,"minecraft:nether_brick_stairs":4,"minecraft:enchanting_table":1,"minecraft:deepslate_iron_ore":2,"minecraft:bookshelf":13,"minecraft:iron_bars":8,"minecraft:stone":3,"minecraft:oak_slab":1,"minecraft:redstone_block":8,"epicpaladins:deepslate_bloodstone_ore":4,"minecraft:basalt":4,"minecraft:crafting_table":1,"minecraft:torch":1,"minecraft:emerald_ore":2,"minecraft:cobblestone":2,"minecraft:sugar_cane":14,"minecraft:iron_door":1,"epicpaladins:deepslate_cryorium_ore":4,"minecraft:grass":5,"minecraft:coal_ore":21,"minecraft:cracked_stone_bricks":2,"minecraft:polished_andesite":2,"minecraft:deepslate":22},"minecraft:dropped":{"minecraft:golden_boots":1,"minecraft:oak_log":9,"dynamictrees:birch_seed":5,"minecraft:ender_pearl":1,"minecraft:mossy_cobblestone":6,"minecraft:glass_bottle":1,"minecraft:crafting_table":1,"minecraft:iron_helmet":1,"minecraft:cobblestone":2,"orcz:blue_orcshroom":2,"minecraft:leather":9,"minecraft:cracked_stone_bricks":2,"minecraft:coal":9,"minecraft:leather_helmet":1,"minecraft:torch":1,"minecraft:wooden_axe":2,"minecraft:iron_door":1,"minecraft:polished_andesite_stairs":3,"minecraft:string":11,"minecraft:white_wool":7,"minecraft:redstone_block":8,"minecraft:bone":8,"minecraft:stone_sword":1,"minecraft:rotten_flesh":4,"orcz:orcamanita":1,"minecraft:iron_chestplate":1,"minecraft:leather_boots":5,"minecraft:chainmail_boots":1,"minecraft:stone_pressure_plate":2,"minecraft:spider_eye":1,"minecraft:iron_bars":13,"minecraft:arrow":2,"minecraft:bow":1,"minecraft:stone_pickaxe":1,"minecraft:wooden_pickaxe":2}},"DataVersion":3465}