{"stats":{"minecraft:picked_up":{"minecraft:wooden_axe":1,"minecraft:iron_chestplate":1,"minecraft:redstone_block":8,"minecraft:chainmail_boots":2,"minecraft:enchanted_book":2,"minecraft:golden_shovel":1,"minecraft:amethyst_block":1,"minecraft:string":14,"minecraft:raw_copper":3,"epicpaladins:bloodstone_gem":4,"alexsmobs:blood_sac":2,"minecraft:cobbled_deepslate":41,"minecraft:gold_nugget":119,"comforts:sleeping_bag_white":7,"minecraft:spruce_planks":63,"minecraft:ender_eye":9,"dynamictrees:oak_seed":3,"minecraft:iron_pickaxe":2,"alexsmobs:raccoon_tail":1,"minecraft:coal_block":1,"minecraft:furnace":4,"minecraft:stick":136,"epicpaladins:arclight_gem":12,"minecraft:torch":13,"minecraft:porkchop":6,"minecraft:pointed_dripstone":11,"tombstone:grave_dust":4,"minecraft:stone_sword":3,"minecraft:rotten_flesh":44,"epicpaladins:cryorium_gem":4,"minecraft:iron_bars":20,"minecraft:cobblestone":23,"minecraft:birch_log":97,"minecraft:enchanting_table":2,"minecraft:magma_block":12,"orcz:orcteeth":62,"minecraft:cooked_beef":8,"minecraft:iron_door":1,"minecraft:golden_leggings":1,"minecraft:tuff":22,"minecraft:lapis_lazuli":1,"minecraft:dirt":5,"minecraft:name_tag":1,"minecraft:leather_boots":6,"minecraft:bone":16,"minecraft:bow":1,"minecraft:raw_gold":10,"alexsmobs:crocodile_egg":3,"orcz:blue_orcshroom":2,"minecraft:nether_brick_stairs":4,"alexsmobs:animal_dictionary":1,"minecraft:mossy_cobblestone":6,"minecraft:polished_andesite":92,"minecraft:diamond":36,"minecraft:granite":7,"minecraft:golden_apple":2,"minecraft:emerald":6,"alexsmobs:moose_ribs":3,"minecraft:chainmail_helmet":2,"minecraft:chorus_fruit":1,"minecraft:netherrack":2547,"sophisticatedbackpacks:gold_backpack":1,"minecraft:crafting_table":3,"minecraft:wooden_pickaxe":1,"minecraft:gold_block":1,"whisperwoods:ghost_light_gold":1,"minecraft:shield":1,"minecraft:blackstone":55,"minecraft:cracked_stone_bricks":2,"epicpaladins:cryorium_sword":1,"minecraft:beef":74,"minecraft:sugar_cane":112,"minecraft:raw_iron":23,"orcz:orchorn":2,"minecraft:stone_pressure_plate":2,"alexsmobs:crocodile_scute":3,"minecraft:weeping_vines":6,"minecraft:arrow":31,"minecraft:diamond_chestplate":2,"minecraft:nether_bricks":1,"minecraft:hay_block":59,"minecraft:mutton":13,"minecraft:skeleton_skull":1,"minecraft:white_wool":9,"minecraft:basalt":4,"minecraft:leather":33,"minecraft:birch_planks":38,"minecraft:ice":2,"minecraft:oak_log":40,"minecraft:chainmail_chestplate":1,"minecraft:ancient_debris":30,"minecraft:golden_boots":2,"minecraft:gunpowder":3,"minecraft:blue_bed":7,"epicpaladins:cryorium_axe":1,"minecraft:cooked_mutton":16,"minecraft:stone_bricks":1,"dynamictrees:birch_seed":7,"minecraft:iron_ingot":25,"minecraft:stone_pickaxe":2,"minecraft:glass_bottle":2,"minecraft:soul_sand":1,"minecraft:iron_sword":1,"minecraft:book":45,"minecraft:polished_andesite_stairs":3,"minecraft:oak_slab":1,"minecraft:quartz":64,"minecraft:dandelion":2,"minecraft:dripstone_block":10,"orcz:orcamanita":1,"minecraft:spider_eye":2,"minecraft:stone_axe":3,"minecraft:iron_helmet":2,"minecraft:baked_potato":1,"tombstone:magic_scroll":1,"minecraft:coal":33},"minecraft:killed_by":{"minecraft:zombie":2,"minecraft:player":1,"orcz:orcshield":1},"minecraft:killed":{"minecraft:cave_spider":2,"minecraft:zombified_piglin":7,"minecraft:spider":5,"minecraft:skeleton":13,"orcz:goblinsavagebomb":1,"minecraft:piglin":2,"orcz:weirdboinecro":1,"minecraft:pig":3,"orcz:goblinsavagemace":3,"minecraft:iron_golem":1,"alexsmobs:crimson_mosquito":3,"minecraft:sheep":9,"minecraft:pillager":1,"minecraft:zombie":35,"orcz:bigorcboss":1,"minecraft:stray":3,"whisperwoods:moth":1,"orcz:orcsavage_2sword":2,"orcz:snot":2,"orcz:orcshield":3,"minecraft:cow":23,"alexsmobs:raccoon":2,"minecraft:horse":9,"orcz:orcsavagemace":2,"whisperwoods:zotzpyre":2,"alexsmobs:crocodile":1,"alexsmobs:moose":1,"orcz:goblin_2sword":1,"minecraft:enderman":2},"minecraft:custom":{"minecraft:interact_with_crafting_table":16,"minecraft:open_barrel":2,"minecraft:eat_cake_slice":3,"minecraft:leave_game":4,"minecraft:time_since_death":30563,"minecraft:sprint_one_cm":878396,"minecraft:damage_blocked_by_shield":875,"minecraft:drop":236,"minecraft:talked_to_villager":2,"minecraft:play_time":282055,"minecraft:deaths":7,"tombstone:tomb_raiding":1,"minecraft:jump":4148,"minecraft:walk_on_water_one_cm":18437,"minecraft:enchant_item":7,"minecraft:interact_with_furnace":22,"minecraft:sleep_in_bed":4,"minecraft:damage_dealt":26492,"minecraft:player_kills":1,"minecraft:crouch_one_cm":5339,"tombstone:undead_killed":26,"minecraft:interact_with_smoker":8,"minecraft:interact_with_smithing_table":4,"minecraft:mob_kills":145,"minecraft:interact_with_anvil":5,"minecraft:damage_dealt_resisted":160,"minecraft:climb_one_cm":2042,"minecraft:walk_one_cm":747382,"minecraft:damage_dealt_absorbed":40,"minecraft:sneak_time":3653,"minecraft:walk_under_water_one_cm":10300,"minecraft:interact_with_blast_furnace":17,"minecraft:total_world_time":282055,"minecraft:time_since_rest":29850,"minecraft:damage_taken":8821,"minecraft:swim_one_cm":11175,"minecraft:fly_one_cm":655017,"minecraft:open_chest":123,"minecraft:fall_one_cm":148885},"minecraft:broken":{"minecraft:golden_boots":1,"minecraft:golden_leggings":1},"minecraft:dropped":{"minecraft:iron_sword":1,"minecraft:porkchop":5,"minecraft:birch_planks":4,"minecraft:lapis_lazuli":1,"minecraft:oak_log":9,"minecraft:chorus_fruit":1,"minecraft:ender_pearl":1,"minecraft:glass_bottle":5,"minecraft:crafting_table":1,"minecraft:weeping_vines":6,"orcz:blue_orcshroom":2,"minecraft:leather":9,"minecraft:cracked_stone_bricks":2,"minecraft:leather_helmet":1,"minecraft:dirt":25,"minecraft:mutton":3,"minecraft:gold_nugget":128,"minecraft:iron_pickaxe":1,"minecraft:white_wool":8,"alexsmobs:raccoon_tail":1,"minecraft:blue_bed":12,"minecraft:bone":15,"minecraft:stone_axe":1,"minecraft:blackstone":54,"minecraft:sugar_cane":8,"dynamictrees:oak_seed":3,"minecraft:cobbled_deepslate":17,"alexsmobs:crocodile_egg":3,"minecraft:pointed_dripstone":11,"minecraft:rotten_flesh":17,"minecraft:chainmail_chestplate":1,"epicpaladins:cryorium_sword":1,"alexsmobs:blood_sac":1,"minecraft:gunpowder":2,"minecraft:leather_boots":5,"minecraft:chainmail_boots":2,"alexsmobs:moose_ribs":3,"minecraft:basalt":4,"minecraft:iron_bars":20,"minecraft:arrow":5,"minecraft:beef":13,"minecraft:quartz":64,"minecraft:netherrack":2484,"minecraft:golden_boots":1,"minecraft:enchanted_book":1,"minecraft:iron_ingot":25,"minecraft:wheat_seeds":2,"dynamictrees:birch_seed":5,"minecraft:mossy_cobblestone":6,"minecraft:iron_helmet":1,"minecraft:cobblestone":8,"minecraft:book":2,"minecraft:amethyst_block":1,"minecraft:chainmail_helmet":1,"minecraft:coal":9,"minecraft:coal_block":1,"minecraft:stick":9,"minecraft:torch":6,"minecraft:wooden_axe":2,"minecraft:iron_door":1,"tombstone:grave_dust":5,"minecraft:polished_andesite_stairs":3,"minecraft:iron_axe":1,"minecraft:paper":6,"minecraft:string":12,"minecraft:redstone_block":8,"minecraft:dandelion":2,"alexsmobs:crocodile_scute":3,"minecraft:stone_sword":1,"minecraft:tuff":7,"minecraft:raw_iron":7,"orcz:orcamanita":1,"orcz:ironscrap":1,"minecraft:diamond_sword":1,"orcz:orcteeth":71,"minecraft:diamond_chestplate":1,"minecraft:iron_chestplate":1,"minecraft:diamond_pickaxe":2,"minecraft:stone_pressure_plate":2,"minecraft:spider_eye":1,"minecraft:bow":1,"minecraft:stone_pickaxe":1,"minecraft:wooden_pickaxe":2,"orcz:orchorn":3},"minecraft:mined":{"orcz:orcsymbolred":1,"minecraft:granite":7,"minecraft:coal_block":2,"minecraft:spawner":22,"minecraft:magma_block":30,"minecraft:iron_ore":12,"minecraft:cobbled_deepslate":1,"minecraft:fire":1,"minecraft:nether_brick_stairs":4,"minecraft:enchanting_table":1,"minecraft:dirt_path":4,"minecraft:iron_bars":15,"minecraft:blackstone":27,"minecraft:crimson_nylium":4,"minecraft:torch":2,"minecraft:nether_quartz_ore":22,"minecraft:cobblestone":2,"minecraft:sugar_cane":17,"minecraft:iron_door":1,"minecraft:amethyst_block":1,"minecraft:skeleton_skull":1,"epicpaladins:deepslate_cryorium_ore":4,"minecraft:grass":13,"minecraft:dirt":1,"minecraft:netherrack":3556,"minecraft:ancient_debris":30,"minecraft:deepslate":40,"minecraft:nether_gold_ore":13,"minecraft:tuff":19,"minecraft:mossy_cobblestone":1,"minecraft:deepslate_diamond_ore":32,"minecraft:nether_bricks":1,"whisperwoods:ghost_light_gold":1,"epicpaladins:deepslate_arclight_ore":12,"minecraft:hay_block":60,"minecraft:furnace":2,"minecraft:bookshelf":15,"minecraft:deepslate_iron_ore":11,"minecraft:stone":16,"minecraft:oak_slab":1,"minecraft:redstone_block":8,"minecraft:soul_sand":1,"epicpaladins:deepslate_bloodstone_ore":4,"minecraft:basalt":5,"minecraft:crafting_table":2,"minecraft:emerald_ore":2,"minecraft:copper_ore":1,"minecraft:tall_grass":3,"minecraft:deepslate_gold_ore":10,"minecraft:ice":2,"minecraft:coal_ore":21,"minecraft:dripstone_block":1,"minecraft:cracked_stone_bricks":2,"minecraft:polished_andesite":2,"minecraft:stone_bricks":2},"minecraft:used":{"minecraft:shield":24,"minecraft:iron_sword":400,"minecraft:soul_sand":1,"minecraft:nether_bricks":1,"minecraft:tuff":15,"minecraft:stone_bricks":1,"minecraft:furnace":1,"minecraft:egg":13,"whisperwoods:ghost_light_gold":1,"minecraft:stone_pickaxe":5,"minecraft:blackstone":1,"minecraft:blue_bed":4,"minecraft:dripstone_block":10,"minecraft:bread":81,"minecraft:diamond_sword":65,"minecraft:netherite_sword":41,"minecraft:enchanting_table":1,"minecraft:stone_sword":116,"minecraft:netherrack":65,"minecraft:torch":32,"minecraft:dirt":5,"minecraft:nether_brick_stairs":4,"minecraft:wooden_axe":5,"minecraft:bookshelf":18,"minecraft:iron_axe":1,"minecraft:diamond_chestplate":1,"minecraft:netherite_pickaxe":21,"tombstone:gift":5,"comforts:sleeping_bag_white":4,"minecraft:cooked_beef":20,"minecraft:cobbled_deepslate":32,"epicpaladins:cryorium_sword":12,"minecraft:cooked_mutton":10,"minecraft:birch_planks":4,"minecraft:polished_andesite":30,"minecraft:baked_potato":4,"minecraft:mossy_cobblestone":9,"minecraft:oak_slab":1,"minecraft:crafting_table":3,"minecraft:ender_eye":15,"minecraft:diamond_pickaxe":3692,"minecraft:iron_pickaxe":255,"minecraft:stone_axe":28,"minecraft:cobblestone":3,"minecraft:potion":6,"minecraft:porkchop":1},"minecraft:crafted":{"minecraft:oak_planks":112,"minecraft:bookshelf":18,"minecraft:cooked_mutton":10,"minecraft:diamond_helmet":1,"minecraft:diamond_leggings":1,"minecraft:crafting_table":3,"minecraft:wooden_pickaxe":1,"minecraft:birch_planks":16,"minecraft:diamond_pickaxe":6,"minecraft:stick":32,"minecraft:iron_ingot":15,"minecraft:iron_pickaxe":1,"minecraft:netherite_ingot":8,"minecraft:diamond_boots":1,"minecraft:netherite_scrap":32,"minecraft:wheat":270,"minecraft:cooked_beef":12,"minecraft:bread":90,"minecraft:air":0,"minecraft:wooden_axe":1}},"DataVersion":3465}