{"stats":{"minecraft:picked_up":{"minecraft:wooden_axe":1,"sophisticatedbackpacks:gold_backpack":1,"minecraft:crafting_table":3,"minecraft:iron_chestplate":1,"minecraft:redstone_block":8,"minecraft:chainmail_boots":2,"minecraft:wooden_pickaxe":1,"minecraft:gold_block":1,"minecraft:enchanted_book":2,"minecraft:golden_shovel":1,"minecraft:shield":1,"minecraft:string":13,"epicpaladins:bloodstone_gem":4,"minecraft:cracked_stone_bricks":2,"minecraft:cobbled_deepslate":25,"minecraft:spruce_planks":63,"comforts:sleeping_bag_white":7,"minecraft:beef":62,"minecraft:iron_pickaxe":2,"minecraft:coal_block":1,"minecraft:sugar_cane":104,"minecraft:furnace":4,"minecraft:stick":119,"minecraft:raw_iron":11,"epicpaladins:arclight_gem":12,"minecraft:torch":11,"minecraft:porkchop":1,"orcz:orchorn":1,"minecraft:stone_pressure_plate":2,"minecraft:rotten_flesh":33,"minecraft:stone_sword":3,"minecraft:arrow":28,"minecraft:diamond_chestplate":2,"epicpaladins:cryorium_gem":4,"minecraft:hay_block":59,"minecraft:mutton":12,"minecraft:iron_bars":13,"minecraft:skeleton_skull":1,"minecraft:white_wool":8,"minecraft:cobblestone":9,"minecraft:birch_log":97,"minecraft:enchanting_table":2,"minecraft:cooked_beef":8,"minecraft:basalt":4,"orcz:orcteeth":24,"minecraft:iron_door":1,"minecraft:leather":15,"minecraft:golden_leggings":1,"minecraft:birch_planks":38,"minecraft:tuff":19,"minecraft:oak_log":12,"minecraft:chainmail_chestplate":1,"minecraft:golden_boots":2,"minecraft:gunpowder":3,"minecraft:name_tag":1,"minecraft:leather_boots":6,"minecraft:cooked_mutton":16,"minecraft:bone":8,"minecraft:stone_bricks":1,"minecraft:bow":1,"dynamictrees:birch_seed":7,"minecraft:iron_ingot":21,"minecraft:stone_pickaxe":2,"minecraft:glass_bottle":1,"minecraft:iron_sword":1,"minecraft:book":39,"minecraft:polished_andesite_stairs":3,"minecraft:oak_slab":1,"minecraft:dandelion":2,"orcz:blue_orcshroom":2,"orcz:orcamanita":1,"minecraft:nether_brick_stairs":4,"alexsmobs:animal_dictionary":1,"minecraft:spider_eye":2,"minecraft:mossy_cobblestone":6,"minecraft:polished_andesite":92,"minecraft:diamond":6,"minecraft:stone_axe":3,"minecraft:iron_helmet":2,"minecraft:golden_apple":2,"minecraft:emerald":6,"minecraft:chainmail_helmet":2,"minecraft:baked_potato":1,"minecraft:coal":33},"minecraft:killed_by":{"minecraft:player":1,"minecraft:zombie":2,"orcz:orcshield":1},"minecraft:killed":{"minecraft:cave_spider":2,"minecraft:spider":4,"minecraft:skeleton":6,"orcz:goblinsavagebomb":1,"orcz:orcsavagemace":1,"minecraft:pig":1,"minecraft:sheep":8,"whisperwoods:zotzpyre":1,"minecraft:zombie":23,"orcz:bigorcboss":1,"minecraft:stray":3,"whisperwoods:moth":1,"orcz:orcsavage_2sword":2,"orcz:snot":2,"orcz:orcshield":1,"minecraft:cow":15},"minecraft:broken":{"minecraft:golden_boots":1,"minecraft:golden_leggings":1},"minecraft:custom":{"minecraft:mob_kills":73,"minecraft:interact_with_crafting_table":3,"minecraft:damage_dealt_resisted":148,"minecraft:eat_cake_slice":3,"minecraft:leave_game":3,"minecraft:time_since_death":34,"minecraft:climb_one_cm":1890,"minecraft:sprint_one_cm":472753,"minecraft:walk_one_cm":330718,"minecraft:damage_blocked_by_shield":475,"minecraft:drop":76,"minecraft:play_time":128610,"minecraft:sneak_time":1551,"minecraft:deaths":4,"minecraft:walk_under_water_one_cm":1324,"tombstone:tomb_raiding":1,"minecraft:jump":1506,"minecraft:walk_on_water_one_cm":9777,"minecraft:total_world_time":128610,"minecraft:interact_with_furnace":21,"minecraft:sleep_in_bed":4,"minecraft:time_since_rest":1,"minecraft:damage_taken":3470,"minecraft:damage_dealt":11645,"minecraft:swim_one_cm":3804,"minecraft:fly_one_cm":233392,"minecraft:open_chest":79,"minecraft:crouch_one_cm":2115,"minecraft:fall_one_cm":47745},"minecraft:dropped":{"minecraft:golden_boots":1,"minecraft:oak_log":9,"dynamictrees:birch_seed":5,"minecraft:glass_bottle":1,"minecraft:mossy_cobblestone":6,"minecraft:ender_pearl":1,"minecraft:crafting_table":1,"minecraft:iron_helmet":1,"minecraft:cobblestone":7,"orcz:blue_orcshroom":2,"minecraft:leather":9,"minecraft:cracked_stone_bricks":2,"minecraft:coal":9,"minecraft:leather_helmet":1,"minecraft:coal_block":1,"minecraft:stick":1,"minecraft:torch":2,"minecraft:mutton":2,"minecraft:wooden_axe":2,"minecraft:iron_door":1,"minecraft:polished_andesite_stairs":3,"minecraft:iron_axe":1,"minecraft:string":11,"minecraft:white_wool":7,"minecraft:redstone_block":8,"minecraft:bone":8,"minecraft:stone_axe":1,"minecraft:stone_sword":1,"minecraft:tuff":7,"minecraft:rotten_flesh":6,"orcz:orcamanita":1,"minecraft:chainmail_chestplate":1,"minecraft:diamond_sword":1,"minecraft:gunpowder":2,"minecraft:diamond_chestplate":1,"minecraft:iron_chestplate":1,"minecraft:leather_boots":5,"minecraft:chainmail_boots":2,"minecraft:stone_pressure_plate":2,"minecraft:spider_eye":1,"minecraft:bow":1,"minecraft:basalt":4,"minecraft:iron_bars":13,"minecraft:arrow":2,"minecraft:stone_pickaxe":1,"minecraft:wooden_pickaxe":2,"orcz:orchorn":1},"minecraft:mined":{"minecraft:tuff":16,"minecraft:mossy_cobblestone":1,"orcz:orcsymbolred":1,"minecraft:deepslate_diamond_ore":2,"minecraft:coal_block":2,"minecraft:spawner":13,"epicpaladins:deepslate_arclight_ore":12,"minecraft:hay_block":60,"minecraft:furnace":2,"minecraft:cobbled_deepslate":1,"minecraft:iron_ore":9,"minecraft:nether_brick_stairs":4,"minecraft:enchanting_table":1,"minecraft:bookshelf":13,"minecraft:deepslate_iron_ore":2,"minecraft:iron_bars":8,"minecraft:stone":4,"minecraft:oak_slab":1,"minecraft:redstone_block":8,"epicpaladins:deepslate_bloodstone_ore":4,"minecraft:basalt":5,"minecraft:crafting_table":2,"minecraft:torch":1,"minecraft:emerald_ore":2,"minecraft:cobblestone":2,"minecraft:sugar_cane":14,"minecraft:iron_door":1,"minecraft:skeleton_skull":1,"epicpaladins:deepslate_cryorium_ore":4,"minecraft:grass":6,"minecraft:coal_ore":21,"minecraft:cracked_stone_bricks":2,"minecraft:stone_bricks":2,"minecraft:polished_andesite":2,"minecraft:deepslate":22},"minecraft:used":{"minecraft:stone_sword":116,"minecraft:shield":10,"minecraft:iron_sword":231,"minecraft:torch":5,"minecraft:tuff":12,"minecraft:nether_brick_stairs":4,"minecraft:wooden_axe":5,"minecraft:iron_axe":1,"minecraft:stone_bricks":1,"minecraft:diamond_chestplate":1,"minecraft:furnace":1,"tombstone:gift":2,"minecraft:egg":5,"comforts:sleeping_bag_white":4,"minecraft:cooked_beef":16,"minecraft:cobbled_deepslate":16,"minecraft:cooked_mutton":10,"minecraft:birch_planks":2,"minecraft:stone_pickaxe":5,"minecraft:polished_andesite":30,"minecraft:baked_potato":4,"minecraft:mossy_cobblestone":9,"minecraft:oak_slab":1,"minecraft:crafting_table":2,"minecraft:bread":3,"minecraft:iron_pickaxe":154,"minecraft:stone_axe":20,"minecraft:potion":2,"minecraft:porkchop":1},"minecraft:crafted":{"minecraft:cooked_mutton":10,"minecraft:wheat":270,"minecraft:crafting_table":2,"minecraft:wooden_pickaxe":1,"minecraft:birch_planks":16,"minecraft:bread":90,"minecraft:air":0,"minecraft:stick":8,"minecraft:iron_ingot":3,"minecraft:iron_pickaxe":1,"minecraft:wooden_axe":1}},"DataVersion":3465}